"Model(Num features)","B&B+HB+MCF","B&B+HB+MVW","B&B+HB+MHV","BestFS+HB+MCF","BestFS+HB+MVW","BestFS+HB+MHV","BT+HA+MCF","BT+HA+MVW","BT+HA+MHV","BT+HB+MCF","BT+HB+MVW","BT+HB+MHV","JavaPseudoBooleanLPalgorithm-SAT4J"
"SAL(10)","1.0","1.0","1.0","1.0","1.0","1.0","1.0","1.0","1.0","1.0","1.0","1.0","1.0"
"Mobile Game(10)","1.0","1.0","1.0","1.0","1.0","1.0","0.9353500707086627","1.0","1.0","1.0","1.0","1.0","1.0"
"VODPlayer(10)","1.0","1.0","1.0","1.0","1.0","1.0","1.0","1.0","1.0","1.0","1.0","1.0","1.0"
"CIMS PL(10)","1.0","1.0","1.0","1.0","1.0","1.0","1.0","1.0","1.0","1.0","1.0","1.0","1.0"
"AvionFEatures(10)","1.0","1.0","1.0","1.0","1.0","1.0","1.0","1.0","1.0","1.0","1.0","1.0","1.0"
"Phone sple(10)","1.0","1.0","1.0","1.0","1.0","1.0","1.0","1.0","1.0","1.0","1.0","1.0","1.0"
"Phone(10)","1.0","1.0","1.0","1.0","1.0","1.0","1.0","1.0","1.0","1.0","1.0","1.0","1.0"
"Ökonomische Merkmale(10)","1.0","1.0","1.0","1.0","1.0","1.0","1.0","1.0","1.0","1.0","1.0","1.0","1.0"
"carpl(10)","1.0","1.0","1.0","1.0","1.0","1.0","1.0","1.0","1.0","1.0","1.0","1.0","1.0"
"MyFM(10)","1.0","1.0","1.0","1.0","1.0","1.0","1.0","1.0","1.0","1.0","1.0","1.0","1.0"
"rtrt(10)","1.0","1.0","1.0","1.0","1.0","1.0","1.0","1.0","1.0","1.0","1.0","1.0","1.0"
"FeatureModel1(10)","1.0","1.0","1.0","1.0","1.0","1.0","1.0","1.0","1.0","1.0","1.0","1.0","1.0"
"Example Mobile Phone(10)","1.0","1.0","1.0","1.0","1.0","1.0","1.0","1.0","1.0","1.0","1.0","1.0","1.0"
"testISA2012(10)","1.0","1.0","1.0","1.0","1.0","1.0","0.9643027454078089","1.0","1.0","0.9643027454078089","1.0","1.0","1.0"
"Mobile-Phone(10)","1.0","1.0","1.0","1.0","1.0","1.0","1.0","0.5670754016254108","1.0","1.0","0.5670754016254108","1.0","1.0"
"Mobile phone (lenita)(10)","1.0","1.0","1.0","1.0","1.0","1.0","1.0","0.9568886668879727","1.0","1.0","1.0","1.0","1.0"
"Mobile Phone GF(10)","1.0","1.0","1.0","1.0","1.0","1.0","1.0","1.0","1.0","1.0","1.0","1.0","1.0"
"Example Product Line Course Using SPLOT(10)","1.0","1.0","1.0","1.0","1.0","1.0","1.0","1.0","1.0","1.0","1.0","1.0","1.0"
"Guad gmocht!(10)","1.0","1.0","1.0","1.0","1.0","1.0","1.0","1.0","1.0","1.0","1.0","1.0","1.0"
"MobileMedia(10)","1.0","1.0","1.0","1.0","1.0","1.0","1.0","1.0","1.0","1.0","1.0","1.0","1.0"
"Simnumero(10)","1.0","1.0","1.0","1.0","1.0","1.0","1.0","1.0","1.0","1.0","1.0","1.0","1.0"
"isolation(10)","1.0","1.0","1.0","1.0","1.0","1.0","1.0","1.0","1.0","1.0","1.0","1.0","1.0"
"AllSports Feature Model(10)","1.0","1.0","1.0","1.0","1.0","1.0","1.0","1.0","1.0","1.0","1.0","1.0","1.0"
"Bicis_Feature_Model(10)","1.0","1.0","1.0","1.0","1.0","1.0","1.0","1.0","1.0","1.0","1.0","1.0","1.0"
"MobileMedia(10)","1.0","1.0","1.0","1.0","1.0","1.0","1.0","1.0","1.0","1.0","1.0","1.0","1.0"
"WebApp(10)","1.0","1.0","1.0","1.0","1.0","1.0","1.0","1.0","1.0","1.0","1.0","1.0","1.0"
"abcdefg(10)","1.0","1.0","1.0","1.0","1.0","1.0","1.0","1.0","1.0","1.0","1.0","1.0","1.0"
"Disenio(10)","1.0","1.0","1.0","1.0","1.0","1.0","1.0","1.0","1.0","1.0","1.0","1.0","1.0"
"sasgd(10)","1.0","1.0","1.0","1.0","1.0","1.0","1.0","1.0","1.0","1.0","1.0","1.0","1.0"
"anlisis II(10)","1.0","1.0","1.0","1.0","1.0","1.0","1.0","1.0","1.0","1.0","1.0","1.0","1.0"
"disenio II(10)","1.0","1.0","1.0","1.0","1.0","1.0","1.0","1.0","1.0","1.0","1.0","1.0","1.0"
"AA(10)","1.0","1.0","1.0","1.0","1.0","1.0","1.0","1.0","1.0","1.0","1.0","1.0","1.0"
"Modelo(10)","1.0","1.0","1.0","1.0","1.0","1.0","1.0","1.0","1.0","1.0","1.0","1.0","1.0"
"TEST_NAme(10)","1.0","1.0","1.0","1.0","1.0","1.0","1.0","1.0","1.0","1.0","1.0","1.0","1.0"
"Test(10)","1.0","1.0","1.0","1.0","1.0","1.0","1.0","1.0","1.0","1.0","1.0","1.0","1.0"
"UPT_RM_MOBILE(10)","1.0","1.0","1.0","1.0","1.0","1.0","1.0","0.9504069320446654","1.0","1.0","0.9931998826220435","1.0","1.0"
"acarlos_trab2_mobile(10)","1.0","1.0","1.0","1.0","1.0","1.0","1.0","1.0","1.0","1.0","1.0","1.0","1.0"
"Prontuário Eletrônico de Pacientes(10)","1.0","1.0","1.0","1.0","1.0","1.0","1.0","1.0","1.0","1.0","1.0","1.0","1.0"
"test gv(10)","1.0","1.0","1.0","1.0","1.0","1.0","1.0","1.0","1.0","1.0","1.0","1.0","1.0"
"Dental Surgery(10)","1.0","1.0","1.0","1.0","1.0","1.0","1.0","1.0","1.0","1.0","1.0","1.0","1.0"
"Cell-Phone-SPL-2014-without(10)","1.0","1.0","1.0","1.0","1.0","1.0","0.8538315270497835","0.8538315270497835","1.0","1.0","1.0","1.0","1.0"
"Computer Selection(10)","1.0","1.0","1.0","1.0","1.0","1.0","1.0","1.0","1.0","1.0","1.0","1.0","1.0"
"Rotary_Element(10)","1.0","1.0","1.0","1.0","1.0","1.0","1.0","1.0","1.0","1.0","1.0","1.0","1.0"
"E-Shop, magister2014(10)","1.0","1.0","1.0","1.0","1.0","1.0","1.0","1.0","1.0","1.0","1.0","1.0","1.0"
"eshop(10)","1.0","1.0","1.0","1.0","1.0","1.0","1.0","1.0","1.0","1.0","1.0","1.0","1.0"
"Nudelsalat(10)","1.0","1.0","1.0","1.0","1.0","1.0","1.0","0.8246658432056219","1.0","1.0","0.8246658432056219","1.0","1.0"
"MK Andes(10)","1.0","1.0","1.0","1.0","1.0","1.0","1.0","1.0","1.0","1.0","1.0","1.0","1.0"
"SPL Studies(10)","1.0","1.0","1.0","1.0","1.0","1.0","0.9410437780340387","1.0","1.0","1.0","1.0","1.0","1.0"
"Telefono(10)","1.0","1.0","1.0","1.0","1.0","1.0","1.0","1.0","1.0","1.0","1.0","1.0","1.0"
"Mobile Phone(10)","1.0","1.0","1.0","1.0","1.0","1.0","1.0","1.0","1.0","1.0","1.0","1.0","1.0"
"jjjjj(10)","1.0","1.0","1.0","1.0","1.0","1.0","1.0","1.0","1.0","1.0","1.0","1.0","1.0"
"celular(10)","1.0","1.0","1.0","1.0","1.0","1.0","1.0","1.0","1.0","1.0","1.0","1.0","1.0"
"Bandymas(10)","1.0","1.0","1.0","1.0","1.0","1.0","1.0","1.0","1.0","1.0","1.0","1.0","1.0"
"test 3(10)","1.0","1.0","1.0","1.0","1.0","1.0","1.0","0.9697919193034804","1.0","1.0","1.0","1.0","1.0"
"LXEP(10)","1.0","1.0","1.0","1.0","1.0","1.0","1.0","1.0","1.0","1.0","1.0","1.0","1.0"
"Feature Tree Example(10)","1.0","1.0","1.0","1.0","1.0","1.0","1.0","0.9517171188524114","1.0","1.0","0.9517171188524114","1.0","1.0"
"Sample(10)","1.0","1.0","1.0","1.0","1.0","1.0","1.0","1.0","1.0","1.0","1.0","1.0","1.0"
"Mobile Tourist Planner(10)","1.0","1.0","1.0","1.0","1.0","1.0","1.0","1.0","1.0","1.0","1.0","1.0","1.0"
"votacao eletronica(10)","1.0","1.0","1.0","1.0","1.0","1.0","1.0","1.0","1.0","1.0","1.0","1.0","1.0"
"Car(10)","1.0","1.0","1.0","1.0","1.0","1.0","1.0","0.981655278059906","1.0","1.0","0.981655278059906","1.0","1.0"
"Mobile Phone(10)","1.0","1.0","1.0","1.0","1.0","1.0","1.0","1.0","1.0","1.0","1.0","1.0","1.0"
"Test1(10)","1.0","1.0","1.0","1.0","1.0","1.0","1.0","1.0","1.0","1.0","1.0","1.0","1.0"
"Maquina de Cae(10)","1.0","1.0","1.0","1.0","1.0","1.0","0.8729598376374262","0.947842368114477","1.0","0.8729598376374262","0.947842368114477","1.0","1.0"
"Autosoft(10)","1.0","1.0","1.0","1.0","1.0","1.0","1.0","1.0","1.0","1.0","1.0","1.0","1.0"
"SPL_e_commerce(10)","1.0","1.0","1.0","1.0","1.0","1.0","0.9306192031528769","0.9306192031528769","1.0","1.0","1.0","1.0","1.0"
"Autosoft(10)","1.0","1.0","1.0","1.0","1.0","1.0","1.0","1.0","1.0","1.0","1.0","1.0","1.0"
"Minimalistic PC Feature Model(10)","1.0","1.0","1.0","1.0","1.0","1.0","1.0","1.0","1.0","1.0","1.0","1.0","1.0"
"Match engine(10)","1.0","1.0","1.0","1.0","1.0","1.0","1.0","1.0","1.0","1.0","1.0","1.0","1.0"
"Mobile Phone UPT(10)","1.0","1.0","1.0","1.0","1.0","1.0","0.8508381590491102","1.0","1.0","0.8508381590491102","1.0","1.0","1.0"
"Mobile Phone UPT - 18413(10)","1.0","1.0","1.0","1.0","1.0","1.0","0.7185988738010735","0.7185988738010735","1.0","1.0","1.0","1.0","1.0"
"Manuel(10)","1.0","1.0","1.0","1.0","1.0","1.0","1.0","0.7465037619824973","1.0","1.0","0.7465037619824973","1.0","1.0"
"E-portal(11)","1.0","1.0","1.0","1.0","1.0","1.0","0.9766846360792198","0.9766846360792198","1.0","0.9766846360792198","0.9766846360792198","1.0","1.0"
"VOD feature model(11)","1.0","1.0","1.0","1.0","1.0","1.0","1.0","1.0","1.0","1.0","1.0","1.0","1.0"
"Asghar(11)","1.0","1.0","1.0","1.0","1.0","1.0","1.0","1.0","1.0","1.0","1.0","1.0","1.0"
"MyFeatureModel(11)","1.0","1.0","1.0","1.0","1.0","1.0","1.0","0.873751587870864","1.0","1.0","1.0","1.0","1.0"
"SmartHome_vConejero_r1(11)","1.0","1.0","1.0","1.0","1.0","1.0","1.0","1.0","1.0","1.0","1.0","1.0","1.0"
"ETRobocon(11)","1.0","1.0","1.0","1.0","1.0","1.0","1.0","1.0","1.0","1.0","1.0","1.0","1.0"
"Test(11)","1.0","1.0","1.0","1.0","1.0","1.0","1.0","0.9565239284689454","1.0","1.0","0.9565239284689454","1.0","1.0"
"ordem(11)","1.0","1.0","1.0","1.0","1.0","1.0","1.0","1.0","1.0","1.0","1.0","1.0","1.0"
"desordem(11)","1.0","1.0","1.0","1.0","1.0","1.0","1.0","1.0","1.0","1.0","1.0","1.0","1.0"
"UPL(11)","1.0","1.0","1.0","1.0","1.0","1.0","1.0","1.0","1.0","1.0","1.0","1.0","1.0"
"Mauricio Alférez(11)","1.0","1.0","1.0","1.0","1.0","1.0","1.0","1.0","1.0","1.0","1.0","1.0","1.0"
"Loja Virtual(11)","1.0","1.0","1.0","1.0","1.0","1.0","0.9869330198727857","0.9914369299351201","1.0","1.0","1.0","1.0","1.0"
"SmartHome- Simplified Sample(11)","1.0","1.0","1.0","1.0","1.0","1.0","1.0","1.0","1.0","1.0","1.0","1.0","1.0"
"Ubuntu(11)","1.0","1.0","1.0","1.0","1.0","1.0","1.0","1.0","1.0","1.0","1.0","1.0","1.0"
"Implementacion(11)","1.0","1.0","1.0","1.0","1.0","1.0","0.8272008289758122","0.8272008289758122","0.8272008289758122","1.0","1.0","1.0","1.0"
"Imolementacion II(11)","1.0","1.0","1.0","1.0","1.0","1.0","0.25239910717438285","1.0","1.0","1.0","1.0","1.0","1.0"
"Basic Car(11)","1.0","1.0","1.0","1.0","1.0","1.0","1.0","1.0","1.0","1.0","1.0","1.0","1.0"
"CarExample(11)","1.0","1.0","1.0","1.0","1.0","1.0","1.0","1.0","1.0","1.0","1.0","1.0","1.0"
"mo(11)","1.0","1.0","1.0","1.0","1.0","1.0","1.0","1.0","1.0","1.0","1.0","1.0","1.0"
"Mobile Media v3(11)","1.0","1.0","1.0","1.0","1.0","1.0","1.0","1.0","1.0","1.0","1.0","1.0","1.0"
"JDFM(11)","1.0","1.0","1.0","1.0","1.0","1.0","1.0","1.0","1.0","1.0","1.0","1.0","1.0"
"Analisis(11)","1.0","1.0","1.0","1.0","1.0","1.0","1.0","1.0","1.0","1.0","1.0","1.0","1.0"
"Matrix chain multiplication(11)","1.0","1.0","1.0","1.0","1.0","1.0","0.926646362077915","0.926646362077915","1.0","1.0","1.0","1.0","1.0"
"Observatorio(11)","1.0","1.0","1.0","1.0","1.0","1.0","1.0","1.0","1.0","1.0","1.0","1.0","1.0"
"collapse_view_example(11)","1.0","1.0","1.0","1.0","1.0","1.0","1.0","1.0","1.0","1.0","1.0","1.0","1.0"
"Match de foot(11)","1.0","1.0","1.0","1.0","1.0","1.0","1.0","1.0","1.0","1.0","1.0","1.0","1.0"
"Xor Example(11)","1.0","1.0","1.0","1.0","1.0","1.0","1.0","0.8850471944063154","1.0","1.0","0.8850471944063154","1.0","1.0"
"XOR NEW(11)","1.0","1.0","1.0","1.0","1.0","1.0","1.0","1.0","1.0","1.0","1.0","1.0","1.0"
"Xor Example 2(11)","1.0","1.0","1.0","1.0","1.0","1.0","0.9936121861202075","0.9936121861202075","0.9936121861202075","1.0","1.0","1.0","1.0"
"Sylvain Example(11)","1.0","1.0","1.0","1.0","1.0","1.0","0.9910379690786668","0.9910379690786668","1.0","0.9910379690786668","0.9910379690786668","1.0","1.0"
"ROOT(11)","1.0","1.0","1.0","1.0","1.0","1.0","1.0","1.0","1.0","1.0","1.0","1.0","1.0"
"NovoSiga(11)","1.0","1.0","1.0","1.0","1.0","1.0","1.0","1.0","1.0","1.0","1.0","1.0","1.0"
"asdsfa ewtwwe(11)","1.0","1.0","1.0","1.0","1.0","1.0","1.0","0.7600836192938092","1.0","1.0","0.7600836192938092","1.0","1.0"
"Website(11)","1.0","1.0","1.0","1.0","1.0","1.0","1.0","1.0","1.0","1.0","1.0","1.0","1.0"
"1(11)","1.0","1.0","1.0","1.0","1.0","1.0","1.0","1.0","1.0","1.0","1.0","1.0","1.0"
"erewr(11)","1.0","1.0","1.0","1.0","1.0","1.0","1.0","1.0","1.0","1.0","1.0","1.0","1.0"
"Webshop_SPLE2014_Chalmers(11)","1.0","1.0","1.0","1.0","1.0","1.0","0.9772302621551403","1.0","1.0","1.0","1.0","1.0","1.0"
"poker spl(11)","1.0","1.0","1.0","1.0","1.0","1.0","1.0","0.9169957572289134","1.0","1.0","0.9169957572289134","1.0","1.0"
"r(11)","1.0","1.0","1.0","1.0","1.0","1.0","1.0","0.9770182918387234","1.0","1.0","1.0","1.0","1.0"
"E-shop(11)","1.0","1.0","1.0","1.0","1.0","1.0","1.0","1.0","1.0","1.0","0.9953477775156777","1.0","1.0"
"PC model(11)","1.0","1.0","1.0","1.0","1.0","1.0","1.0","1.0","1.0","1.0","1.0","1.0","1.0"
"testing(11)","1.0","1.0","1.0","1.0","1.0","1.0","1.0","1.0","1.0","1.0","1.0","1.0","1.0"
"ubuntu(11)","1.0","1.0","1.0","1.0","1.0","1.0","1.0","1.0","1.0","1.0","1.0","1.0","1.0"
"Jogo(11)","1.0","1.0","1.0","1.0","1.0","1.0","1.0","1.0","1.0","1.0","1.0","1.0","1.0"
"Assistente de Compras(11)","1.0","1.0","1.0","1.0","1.0","1.0","1.0","1.0","1.0","1.0","1.0","1.0","1.0"
"HandlingSystem(11)","1.0","1.0","1.0","1.0","1.0","1.0","1.0","1.0","1.0","1.0","1.0","1.0","1.0"
"Rotation1(11)","1.0","1.0","1.0","1.0","1.0","1.0","1.0","1.0","1.0","1.0","1.0","1.0","1.0"
"ESCA Embeeded System(11)","1.0","1.0","1.0","1.0","1.0","1.0","1.0","1.0","1.0","1.0","1.0","1.0","1.0"
"Cellphone(11)","1.0","1.0","1.0","1.0","1.0","1.0","1.0","1.0","1.0","1.0","1.0","1.0","1.0"
"IntelligentTutoringSystem(12)","1.0","1.0","1.0","1.0","1.0","1.0","1.0","1.0","1.0","1.0","1.0","1.0","1.0"
"test_fm(12)","1.0","1.0","1.0","1.0","1.0","1.0","1.0","1.0","1.0","1.0","1.0","1.0","1.0"
"Eshop-ufrj(12)","1.0","1.0","1.0","1.0","1.0","1.0","0.9885051099684072","0.9885051099684072","1.0","1.0","1.0","1.0","1.0"
"Doorlopende reisverzekering(12)","1.0","1.0","1.0","1.0","1.0","1.0","1.0","1.0","1.0","1.0","1.0","1.0","1.0"
"Dummy Car(12)","1.0","1.0","1.0","1.0","1.0","1.0","1.0","0.8279545076540982","1.0","1.0","1.0","1.0","1.0"
"WB2(12)","1.0","1.0","1.0","1.0","1.0","1.0","1.0","1.0","1.0","1.0","1.0","1.0","1.0"
"Text Editor(12)","1.0","1.0","1.0","1.0","1.0","1.0","1.0","1.0","1.0","1.0","1.0","1.0","1.0"
"Adams Car(12)","1.0","1.0","1.0","1.0","1.0","1.0","0.48098495007335906","0.48098495007335906","1.0","0.48098495007335906","0.48098495007335906","1.0","1.0"
"CCCMS(12)","1.0","1.0","1.0","1.0","1.0","1.0","1.0","0.9067371524846682","1.0","1.0","0.9067371524846682","1.0","1.0"
"mon model(12)","1.0","1.0","1.0","1.0","1.0","1.0","1.0","1.0","1.0","1.0","1.0","1.0","1.0"
"a(12)","1.0","1.0","1.0","1.0","1.0","1.0","1.0","1.0","1.0","1.0","1.0","1.0","1.0"
"aaaaaa(12)","1.0","1.0","1.0","1.0","1.0","1.0","1.0","1.0","1.0","1.0","1.0","1.0","1.0"
"Pruebas(12)","1.0","1.0","1.0","1.0","1.0","1.0","1.0","1.0","1.0","1.0","1.0","1.0","1.0"
"Address Book(12)","1.0","1.0","1.0","1.0","1.0","1.0","1.0","1.0","1.0","1.0","1.0","1.0","1.0"
"Sisgeo(12)","1.0","1.0","1.0","1.0","1.0","1.0","1.0","1.0","1.0","1.0","1.0","1.0","1.0"
"Multiplicador de n matrices(12)","1.0","1.0","1.0","1.0","1.0","1.0","1.0","1.0","1.0","1.0","1.0","1.0","1.0"
"Movil(12)","1.0","1.0","1.0","1.0","1.0","1.0","0.9272601989578523","1.0","1.0","0.9272601989578523","1.0","1.0","1.0"
"ID(12)","1.0","1.0","1.0","1.0","1.0","1.0","1.0","1.0","1.0","1.0","1.0","1.0","1.0"
"gs(12)","1.0","1.0","1.0","1.0","1.0","1.0","1.0","1.0","1.0","1.0","1.0","1.0","1.0"
"MyDental(12)","1.0","1.0","1.0","1.0","1.0","1.0","1.0","1.0","1.0","1.0","1.0","1.0","1.0"
"FM with optional XOR(12)","1.0","1.0","1.0","1.0","1.0","1.0","1.0","1.0","1.0","1.0","1.0","1.0","1.0"
"Final model(12)","1.0","1.0","1.0","1.0","1.0","1.0","1.0","1.0","1.0","1.0","1.0","1.0","1.0"
"Sylvain Example(12)","1.0","1.0","1.0","1.0","1.0","1.0","0.9459164311958542","0.9755869561268283","1.0","1.0","0.9755869561268283","1.0","1.0"
"E-commerce system1(12)","1.0","1.0","1.0","1.0","1.0","1.0","1.0","1.0","1.0","1.0","1.0","1.0","1.0"
"FeatureModelName(12)","1.0","1.0","1.0","1.0","1.0","1.0","1.0","1.0","1.0","1.0","1.0","1.0","1.0"
"Content(12)","1.0","1.0","1.0","1.0","1.0","1.0","0.971362785049858","1.0","1.0","0.971362785049858","1.0","1.0","1.0"
"Attempt of mine(12)","1.0","1.0","1.0","1.0","1.0","1.0","1.0","0.9773187113264934","1.0","1.0","1.0","1.0","1.0"
"Content(12)","1.0","1.0","1.0","1.0","1.0","1.0","1.0","0.910179331989771","1.0","1.0","1.0","1.0","1.0"
"Content model(12)","1.0","1.0","1.0","1.0","1.0","1.0","1.0","1.0","1.0","1.0","1.0","1.0","1.0"
"eLearning ways(12)","1.0","1.0","1.0","1.0","1.0","1.0","1.0","1.0","1.0","1.0","1.0","1.0","1.0"
"Topology(12)","1.0","1.0","1.0","1.0","1.0","1.0","1.0","0.9301643587217907","1.0","1.0","1.0","1.0","1.0"
"This is a test(12)","1.0","1.0","1.0","1.0","1.0","1.0","0.9382318495107028","0.9382318495107028","1.0","1.0","1.0","1.0","1.0"
"Congress Assistant(12)","1.0","1.0","1.0","1.0","1.0","1.0","0.6396033701295362","0.6396033701295362","1.0","1.0","1.0","1.0","1.0"
"JCS(12)","1.0","1.0","1.0","1.0","1.0","1.0","1.0","1.0","1.0","1.0","1.0","1.0","1.0"
"Ooredoo(12)","1.0","1.0","1.0","1.0","1.0","1.0","1.0","1.0","1.0","1.0","1.0","1.0","1.0"
"M-learning Requirements Catalog(12)","1.0","1.0","1.0","1.0","1.0","1.0","1.0","1.0","1.0","1.0","1.0","1.0","1.0"
"TW SPL Hard Choices(12)","1.0","1.0","1.0","1.0","1.0","1.0","1.0","1.0","1.0","1.0","1.0","1.0","1.0"
"Jogo(12)","1.0","1.0","1.0","1.0","1.0","1.0","1.0","1.0","1.0","1.0","1.0","1.0","1.0"
"rotation(12)","1.0","1.0","1.0","1.0","1.0","1.0","1.0","1.0","1.0","1.0","1.0","1.0","1.0"
"Online Shop Feature Model(12)","1.0","1.0","1.0","1.0","1.0","1.0","1.0","1.0","1.0","1.0","1.0","1.0","1.0"
"Telecommunication_System(12)","1.0","1.0","1.0","1.0","1.0","1.0","1.0","1.0","1.0","1.0","1.0","1.0","1.0"
"Aircraft PL(13)","1.0","1.0","1.0","1.0","1.0","1.0","1.0","1.0","1.0","1.0","1.0","1.0","1.0"
"CFDP Library(13)","1.0","1.0","1.0","1.0","1.0","1.0","1.0","1.0","1.0","1.0","1.0","1.0","1.0"
"CFDP Library(13)","1.0","1.0","1.0","1.0","1.0","1.0","1.0","1.0","1.0","1.0","1.0","1.0","1.0"
"Tata Cars(13)","1.0","1.0","1.0","1.0","1.0","1.0","1.0","1.0","1.0","1.0","1.0","1.0","1.0"
"KIModel(13)","1.0","1.0","1.0","1.0","1.0","1.0","1.0","1.0","1.0","1.0","1.0","1.0","1.0"
"G10-music player(13)","1.0","1.0","1.0","1.0","1.0","1.0","1.0","1.0","1.0","1.0","1.0","1.0","1.0"
"RE(13)","1.0","1.0","1.0","1.0","1.0","1.0","1.0","1.0","1.0","1.0","1.0","1.0","1.0"
"FM1(13)","1.0","1.0","1.0","1.0","1.0","1.0","1.0","1.0","1.0","1.0","1.0","1.0","1.0"
"Parking lot Manager(13)","1.0","1.0","1.0","1.0","1.0","1.0","1.0","1.0","1.0","1.0","1.0","1.0","1.0"
"Veículo(13)","1.0","1.0","1.0","1.0","1.0","1.0","0.8389047758898462","0.8389047758898462","1.0","1.0","1.0","1.0","1.0"
"Car(13)","1.0","1.0","1.0","1.0","1.0","1.0","1.0","1.0","1.0","1.0","1.0","1.0","1.0"
"Homepage based on wiki(13)","1.0","1.0","1.0","1.0","1.0","1.0","1.0","1.0","1.0","1.0","1.0","1.0","1.0"
"Toyota Feature Model(13)","1.0","1.0","1.0","1.0","1.0","1.0","1.0","1.0","1.0","1.0","1.0","1.0","1.0"
"NCV_Simulation(13)","1.0","1.0","1.0","1.0","1.0","1.0","1.0","1.0","1.0","1.0","1.0","1.0","1.0"
"i18n(13)","1.0","1.0","1.0","1.0","1.0","1.0","0.9943776060242258","1.0","1.0","1.0","1.0","1.0","1.0"
"MiniRPG(13)","1.0","1.0","1.0","1.0","1.0","1.0","1.0","1.0","1.0","1.0","1.0","1.0","1.0"
"Mobile Media(13)","1.0","1.0","1.0","1.0","1.0","1.0","1.0","1.0","1.0","1.0","1.0","1.0","1.0"
"Analisis(13)","1.0","1.0","1.0","1.0","1.0","1.0","0.7010012605519993","1.0","1.0","0.7010012605519993","1.0","1.0","1.0"
"Alarm System(13)","1.0","1.0","1.0","1.0","1.0","1.0","1.0","1.0","1.0","1.0","1.0","1.0","1.0"
"LMF(13)","1.0","1.0","1.0","1.0","1.0","1.0","1.0","1.0","1.0","1.0","1.0","1.0","1.0"
"Wewq(13)","1.0","1.0","1.0","1.0","1.0","1.0","1.0","1.0","1.0","1.0","1.0","1.0","1.0"
"Video On Demand SPL FM(13)","1.0","1.0","1.0","1.0","1.0","1.0","1.0","1.0","1.0","1.0","1.0","1.0","1.0"
"Video On Demand FM(13)","1.0","1.0","1.0","1.0","1.0","1.0","1.0","0.8624916391441044","1.0","1.0","1.0","1.0","1.0"
"MyHolidays(13)","1.0","1.0","1.0","1.0","1.0","1.0","1.0","1.0","1.0","1.0","1.0","1.0","1.0"
"PortafolioLopez(13)","1.0","1.0","1.0","1.0","1.0","1.0","1.0","1.0","1.0","1.0","1.0","1.0","1.0"
"Phone(13)","1.0","1.0","1.0","1.0","1.0","1.0","1.0","1.0","1.0","1.0","1.0","1.0","1.0"
"cell phones SPL(13)","1.0","1.0","1.0","1.0","1.0","1.0","1.0","1.0","1.0","1.0","1.0","1.0","1.0"
"FMConfig(13)","1.0","1.0","1.0","1.0","1.0","1.0","1.0","1.0","1.0","1.0","1.0","1.0","1.0"
"Cell-Phone-SPL-2014(13)","1.0","1.0","1.0","1.0","1.0","1.0","1.0","1.0","1.0","1.0","1.0","1.0","1.0"
"Cell-Phone-SPL-2014-Part2(13)","1.0","1.0","1.0","1.0","1.0","1.0","1.0","1.0","1.0","1.0","1.0","1.0","1.0"
"Cell-Phone-SPL-2014-Mined(13)","1.0","1.0","1.0","1.0","1.0","1.0","1.0","1.0","1.0","1.0","1.0","1.0","1.0"
"Magister 2014-ROLOG(13)","1.0","1.0","1.0","1.0","1.0","1.0","1.0","1.0","1.0","1.0","1.0","1.0","1.0"
"MarketPlace-Sample(13)","1.0","1.0","1.0","1.0","1.0","1.0","1.0","1.0","1.0","1.0","1.0","1.0","1.0"
"teste(13)","1.0","1.0","1.0","1.0","1.0","1.0","0.9359909235958873","0.9359909235958873","1.0","0.9359909235958873","0.9359909235958873","1.0","1.0"
"SPL Studies(13)","1.0","1.0","1.0","1.0","1.0","1.0","1.0","0.9778453874185431","1.0","1.0","1.0","1.0","1.0"
"Content(13)","1.0","1.0","1.0","1.0","1.0","1.0","0.8772703590898567","1.0","1.0","1.0","1.0","1.0","1.0"
"Stamppy(13)","1.0","1.0","1.0","1.0","1.0","1.0","1.0","1.0","1.0","1.0","1.0","1.0","1.0"
"search-engine(13)","1.0","1.0","1.0","1.0","1.0","1.0","1.0","1.0","1.0","1.0","1.0","1.0","1.0"
"Javed Test 2(13)","1.0","1.0","1.0","1.0","1.0","1.0","1.0","1.0","1.0","1.0","1.0","1.0","1.0"
"MoviesApp(13)","1.0","1.0","1.0","1.0","1.0","1.0","1.0","1.0","1.0","1.0","1.0","1.0","1.0"
"Movie System(13)","1.0","1.0","1.0","1.0","1.0","1.0","1.0","1.0","1.0","1.0","1.0","1.0","1.0"
"SmartHotel(13)","1.0","1.0","1.0","1.0","1.0","1.0","1.0","1.0","1.0","1.0","1.0","1.0","1.0"
"Smart Queue(13)","1.0","1.0","1.0","1.0","1.0","1.0","1.0","1.0","1.0","1.0","1.0","1.0","1.0"
"Online shopping software(13)","1.0","1.0","1.0","1.0","1.0","1.0","1.0","1.0","1.0","1.0","1.0","1.0","1.0"
"2 - Eleição de um prefeito e um Vereador(13)","1.0","1.0","1.0","1.0","1.0","1.0","0.8755188699311408","0.8755188699311408","1.0","1.0","1.0","1.0","1.0"
"Visit Indonesia Apps(13)","1.0","1.0","1.0","1.0","1.0","1.0","1.0","1.0","1.0","1.0","1.0","1.0","1.0"
"Priscilinha(13)","1.0","1.0","1.0","1.0","1.0","1.0","1.0","1.0","1.0","1.0","1.0","1.0","1.0"
"Home(13)","1.0","1.0","1.0","1.0","1.0","1.0","1.0","1.0","1.0","1.0","1.0","1.0","1.0"
"Windows .NET(13)","1.0","1.0","1.0","1.0","1.0","1.0","1.0","1.0","1.0","1.0","1.0","1.0","1.0"
"HADAS-security(13)","1.0","1.0","1.0","1.0","1.0","1.0","1.0","1.0","1.0","1.0","1.0","1.0","1.0"
"Ligne de produits de Eshop(13)","1.0","1.0","1.0","1.0","1.0","1.0","1.0","1.0","1.0","1.0","1.0","1.0","1.0"
"MobilePhone(13)","1.0","1.0","1.0","1.0","1.0","1.0","0.8279890593654157","0.8495275337887703","0.8495275337887703","0.8495275337887703","0.8495275337887703","1.0","1.0"
"MoviesApp PL(13)","1.0","1.0","1.0","1.0","1.0","1.0","1.0","1.0","1.0","1.0","1.0","1.0","1.0"
"Car PL(14)","1.0","1.0","1.0","1.0","1.0","1.0","0.9845894043092069","0.9845894043092069","1.0","1.0","1.0","1.0","1.0"
"IDE4OCL(14)","1.0","1.0","1.0","1.0","1.0","1.0","1.0","1.0","1.0","1.0","1.0","1.0","1.0"
"WB(14)","1.0","1.0","1.0","1.0","1.0","1.0","0.9181078919711326","0.9198059751175348","1.0","1.0","1.0","1.0","1.0"
"MiniTV(14)","1.0","1.0","1.0","1.0","1.0","1.0","1.0","1.0","1.0","1.0","1.0","1.0","1.0"
"Carro Model(14)","1.0","1.0","1.0","1.0","1.0","1.0","1.0","1.0","1.0","1.0","1.0","1.0","1.0"
"CTOS MODEL(14)","1.0","1.0","1.0","1.0","1.0","1.0","1.0","1.0","1.0","1.0","1.0","1.0","1.0"
"Mobile Phone, until relase 5(14)","1.0","1.0","1.0","1.0","1.0","1.0","1.0","1.0","1.0","1.0","1.0","1.0","1.0"
"ELPS - ISE(14)","1.0","1.0","1.0","1.0","1.0","1.0","1.0","1.0","1.0","1.0","1.0","1.0","1.0"
"UML-IDE-TOOL(14)","1.0","1.0","1.0","1.0","1.0","1.0","1.0","1.0","1.0","1.0","1.0","1.0","1.0"
"Linha de produtos - SimulES e PnP(14)","1.0","1.0","1.0","1.0","1.0","1.0","1.0","1.0","1.0","1.0","1.0","1.0","1.0"
"Car demo(14)","1.0","1.0","1.0","1.0","1.0","1.0","1.0","1.0","1.0","1.0","1.0","1.0","1.0"
"Simple Drawing Tools(14)","1.0","1.0","1.0","1.0","1.0","1.0","1.0","1.0","1.0","1.0","1.0","1.0","1.0"
"pruebapalabras(14)","1.0","1.0","1.0","1.0","1.0","1.0","1.0","1.0","1.0","1.0","1.0","1.0","1.0"
"PhysEval(14)","1.0","1.0","1.0","1.0","1.0","1.0","1.0","1.0","1.0","1.0","1.0","1.0","1.0"
"JhotDrawn(14)","1.0","1.0","1.0","1.0","1.0","1.0","1.0","1.0","1.0","1.0","1.0","1.0","1.0"
"Mobile Media(14)","1.0","1.0","1.0","1.0","1.0","1.0","1.0","1.0","1.0","1.0","1.0","1.0","1.0"
"User Model(14)","1.0","1.0","1.0","1.0","1.0","1.0","1.0","1.0","1.0","1.0","1.0","1.0","1.0"
"Buzzard Radio play DB(14)","1.0","1.0","1.0","1.0","1.0","1.0","1.0","1.0","1.0","1.0","1.0","1.0","1.0"
"RE Process(14)","1.0","1.0","1.0","1.0","1.0","1.0","1.0","1.0","1.0","1.0","1.0","1.0","1.0"
"Mobile Media JULIO(14)","1.0","1.0","1.0","1.0","1.0","1.0","1.0","1.0","1.0","1.0","1.0","1.0","1.0"
"matrices(14)","1.0","1.0","1.0","1.0","1.0","1.0","1.0","1.0","1.0","1.0","1.0","1.0","1.0"
"Mobile media v4(14)","1.0","1.0","1.0","1.0","1.0","1.0","1.0","1.0","1.0","1.0","1.0","1.0","1.0"
"Mobile Phone Software(14)","1.0","1.0","1.0","1.0","1.0","1.0","1.0","1.0","1.0","1.0","1.0","1.0","1.0"
"Celular(14)","1.0","1.0","1.0","1.0","1.0","1.0","1.0","1.0","1.0","1.0","1.0","1.0","1.0"
"Pip(14)","1.0","1.0","1.0","1.0","1.0","1.0","1.0","1.0","1.0","1.0","1.0","1.0","1.0"
"AGORA(14)","1.0","1.0","1.0","1.0","1.0","1.0","1.0","1.0","1.0","1.0","1.0","1.0","1.0"
"SHIFT QAs(14)","1.0","1.0","1.0","1.0","1.0","1.0","1.0","1.0","1.0","1.0","1.0","1.0","1.0"
"BSS_CS5702_G3(14)","1.0","1.0","1.0","1.0","1.0","1.0","1.0","1.0","1.0","1.0","1.0","1.0","1.0"
"Smart-phone(14)","1.0","1.0","1.0","1.0","1.0","1.0","1.0","1.0","1.0","1.0","1.0","1.0","1.0"
"Scenario Application(14)","1.0","1.0","1.0","1.0","1.0","1.0","1.0","1.0","1.0","1.0","1.0","1.0","1.0"
"Simplified Smart Hotel(14)","1.0","1.0","1.0","1.0","1.0","1.0","1.0","1.0","1.0","1.0","1.0","1.0","1.0"
"Content Store(14)","1.0","1.0","1.0","1.0","1.0","1.0","0.8650899311419595","0.9966150144018306","1.0","0.9966150144018306","0.9966150144018306","1.0","1.0"
"Urna Gleidson(14)","1.0","1.0","1.0","1.0","1.0","1.0","1.0","1.0","1.0","1.0","1.0","1.0","1.0"
"Eleição de um prefeito e um vereador(14)","1.0","1.0","1.0","1.0","1.0","1.0","1.0","1.0","1.0","1.0","1.0","1.0","1.0"
"LeSE - Learning Software Engineering(14)","1.0","1.0","1.0","1.0","1.0","1.0","1.0","1.0","1.0","1.0","1.0","1.0","1.0"
"LeSE - Learning Software Engineering (Aprendendo Engenharia de Software)(14)","1.0","1.0","1.0","1.0","1.0","1.0","1.0","1.0","1.0","1.0","1.0","1.0","1.0"
"Clinica Medica(14)","1.0","1.0","1.0","1.0","1.0","1.0","1.0","1.0","1.0","1.0","1.0","1.0","1.0"
"Celulares(14)","1.0","1.0","1.0","1.0","1.0","1.0","1.0","1.0","1.0","1.0","1.0","1.0","1.0"
"video on demand(14)","1.0","1.0","1.0","1.0","1.0","1.0","1.0","1.0","1.0","1.0","1.0","1.0","1.0"
"Pizza(14)","1.0","1.0","1.0","1.0","1.0","1.0","0.9307857198929304","0.9698266095269554","1.0","1.0","1.0","1.0","1.0"
"Virtual_Office_of_the_Future(14)","1.0","1.0","1.0","1.0","1.0","1.0","1.0","1.0","1.0","1.0","1.0","1.0","1.0"
"Search_Engine_PL(14)","1.0","1.0","1.0","1.0","1.0","1.0","1.0","0.9938432743627935","1.0","1.0","1.0","1.0","1.0"
"JPlug(14)","1.0","1.0","1.0","1.0","1.0","1.0","1.0","1.0","1.0","1.0","1.0","1.0","1.0"
"James(14)","1.0","1.0","1.0","1.0","1.0","1.0","1.0","1.0","1.0","1.0","1.0","1.0","1.0"
"Cell Phone(15)","1.0","1.0","1.0","1.0","1.0","1.0","1.0","1.0","1.0","1.0","1.0","1.0","1.0"
"Web Content Delivery(15)","1.0","1.0","1.0","1.0","1.0","1.0","0.9096266151555935","0.9096266151555935","1.0","0.9096266151555935","0.9096266151555935","1.0","1.0"
"Coff Feature Model(15)","1.0","1.0","1.0","1.0","1.0","1.0","1.0","1.0","1.0","1.0","1.0","1.0","1.0"
"VMS(15)","1.0","1.0","1.0","1.0","1.0","1.0","1.0","1.0","1.0","1.0","1.0","1.0","1.0"
"Test(15)","1.0","1.0","1.0","1.0","1.0","1.0","0.5133872063459965","0.5133872063459965","1.0","0.5133872063459965","0.5133872063459965","1.0","1.0"
"Venza(15)","1.0","1.0","1.0","1.0","1.0","1.0","1.0","1.0","1.0","1.0","1.0","1.0","1.0"
"SD Voter pattern feature model(15)","1.0","1.0","1.0","1.0","1.0","1.0","1.0","1.0","1.0","1.0","1.0","1.0","1.0"
"Technical Solution Process(15)","1.0","1.0","1.0","1.0","1.0","1.0","1.0","1.0","1.0","1.0","1.0","1.0","1.0"
"iNavBasic(15)","1.0","1.0","1.0","1.0","1.0","1.0","1.0","1.0","1.0","1.0","1.0","1.0","1.0"
"Transmission(15)","1.0","1.0","1.0","1.0","1.0","1.0","0.9802175883627386","0.9802175883627386","1.0","1.0","1.0","1.0","1.0"
"Agile Simules(15)","1.0","1.0","1.0","1.0","1.0","1.0","1.0","1.0","1.0","1.0","1.0","1.0","1.0"
"MobileMedia_Lenita(15)","1.0","1.0","1.0","1.0","1.0","1.0","1.0","1.0","1.0","1.0","1.0","1.0","1.0"
"Estudo Experimental 2(15)","1.0","1.0","1.0","1.0","1.0","1.0","1.0","1.0","1.0","1.0","1.0","1.0","1.0"
"Flight Reservations(15)","1.0","1.0","1.0","1.0","1.0","1.0","1.0","1.0","1.0","1.0","1.0","1.0","1.0"
"MobileMedia_Ibraim(15)","1.0","1.0","1.0","1.0","1.0","1.0","1.0","1.0","1.0","1.0","1.0","1.0","1.0"
"MobileMedia_LeonardoVasconcelos(15)","1.0","1.0","1.0","1.0","1.0","1.0","1.0","1.0","1.0","1.0","1.0","1.0","1.0"
"MobileMedia_Bruno(15)","1.0","1.0","1.0","1.0","1.0","1.0","1.0","1.0","1.0","1.0","1.0","1.0","1.0"
"MobileMedia_MarinaMB(15)","1.0","1.0","1.0","1.0","1.0","1.0","1.0","1.0","1.0","1.0","1.0","1.0","1.0"
"Mobile Media(15)","1.0","1.0","1.0","1.0","1.0","1.0","1.0","1.0","1.0","1.0","1.0","1.0","1.0"
"MobileMedia_CarlosEduardoPaulinoSilva(15)","1.0","1.0","1.0","1.0","1.0","1.0","1.0","1.0","1.0","1.0","1.0","1.0","1.0"
"Mobile media v5(15)","1.0","1.0","1.0","1.0","1.0","1.0","1.0","1.0","1.0","1.0","1.0","1.0","1.0"
"ACARLOS_car(15)","1.0","1.0","1.0","1.0","1.0","1.0","1.0","1.0","1.0","1.0","1.0","1.0","1.0"
"Cars xpto(15)","1.0","1.0","1.0","1.0","1.0","1.0","1.0","1.0","1.0","1.0","1.0","1.0","1.0"
"UPT TAM(15)","1.0","1.0","1.0","1.0","1.0","1.0","1.0","1.0","1.0","1.0","1.0","1.0","1.0"
"Software-Product(15)","1.0","1.0","1.0","1.0","1.0","1.0","1.0","1.0","1.0","1.0","1.0","1.0","1.0"
"Pruebas Booleanas(15)","1.0","1.0","1.0","1.0","1.0","1.0","1.0","1.0","1.0","1.0","1.0","1.0","1.0"
"e-commerce(15)","1.0","1.0","1.0","1.0","1.0","1.0","0.827617931018826","1.0","1.0","1.0","1.0","1.0","1.0"
"testmodel1(15)","1.0","1.0","1.0","1.0","1.0","1.0","1.0","1.0","1.0","1.0","1.0","1.0","1.0"
"robot experiment(15)","1.0","1.0","1.0","1.0","1.0","1.0","0.7905005808059518","0.7905005808059518","1.0","1.0","1.0","1.0","1.0"
"Proceso Analisis(15)","1.0","1.0","1.0","1.0","1.0","1.0","1.0","1.0","0.9955233440247144","1.0","1.0","0.9955233440247144","1.0"
"Metadata(15)","1.0","1.0","1.0","1.0","1.0","1.0","1.0","1.0","1.0","1.0","1.0","1.0","1.0"
"Urna eletronica Vinicius Cesar(15)","1.0","1.0","1.0","1.0","1.0","1.0","1.0","1.0","1.0","1.0","1.0","1.0","1.0"
"markke core asset testing(15)","1.0","1.0","1.0","1.0","1.0","1.0","1.0","1.0","1.0","1.0","1.0","1.0","1.0"
"Automóvil(15)","1.0","1.0","1.0","1.0","1.0","1.0","0.908889173303969","0.908889173303969","1.0","0.908889173303969","0.908889173303969","1.0","1.0"
"CPS(15)","1.0","1.0","1.0","1.0","1.0","1.0","0.8882306241801677","0.8882306241801677","1.0","1.0","1.0","1.0","1.0"
"smart phone(15)","1.0","1.0","1.0","1.0","1.0","1.0","1.0","1.0","1.0","1.0","1.0","1.0","1.0"
"Mobile Games(16)","1.0","1.0","1.0","1.0","1.0","1.0","1.0","1.0","1.0","1.0","1.0","1.0","1.0"
"SoftwareClassification(16)","1.0","1.0","1.0","1.0","1.0","1.0","1.0","0.7086474436447773","1.0","1.0","1.0","1.0","1.0"
"GoPhone Inc(16)","1.0","1.0","1.0","1.0","1.0","1.0","1.0","1.0","1.0","1.0","1.0","1.0","1.0"
"Web Game(16)","1.0","1.0","1.0","1.0","1.0","1.0","1.0","1.0","1.0","1.0","1.0","1.0","1.0"
"Simaldores de Engenharia de Software(16)","1.0","1.0","1.0","1.0","1.0","1.0","1.0","1.0","1.0","1.0","1.0","1.0","1.0"
"Disciplina(16)","1.0","1.0","1.0","1.0","1.0","1.0","1.0","1.0","1.0","1.0","1.0","1.0","1.0"
"Mobile Media Bruno R(16)","1.0","1.0","1.0","1.0","1.0","1.0","1.0","1.0","1.0","1.0","1.0","1.0","1.0"
"MobileMedia_Marcelo(16)","1.0","1.0","1.0","1.0","1.0","1.0","1.0","1.0","1.0","1.0","1.0","1.0","1.0"
"Mobile Media(16)","1.0","1.0","1.0","1.0","1.0","1.0","1.0","1.0","1.0","1.0","1.0","1.0","1.0"
"MobileMedia_VitorSales(16)","1.0","1.0","1.0","1.0","1.0","1.0","1.0","1.0","1.0","1.0","1.0","1.0","1.0"
"Mobile Media(16)","1.0","1.0","1.0","1.0","1.0","1.0","1.0","1.0","1.0","1.0","1.0","1.0","1.0"
"mobile_media_thom(16)","1.0","1.0","1.0","1.0","1.0","1.0","1.0","1.0","1.0","1.0","1.0","1.0","1.0"
"MobileMedia_BrunoMartins(16)","1.0","1.0","1.0","1.0","1.0","1.0","0.9778222292757792","1.0","1.0","1.0","1.0","1.0","1.0"
"MobileMedia_Pedro_Pires(16)","1.0","1.0","1.0","1.0","1.0","1.0","1.0","1.0","1.0","1.0","1.0","1.0","1.0"
"MobileMedia_HudsonSilvaBorges(16)","1.0","1.0","1.0","1.0","1.0","1.0","1.0","0.967679949263369","1.0","1.0","1.0","1.0","1.0"
"Henrique Gomes Nunes(16)","1.0","1.0","1.0","1.0","1.0","1.0","1.0","0.920612463682545","1.0","1.0","1.0","1.0","1.0"
"Mobile Media(16)","1.0","1.0","1.0","1.0","1.0","1.0","1.0","1.0","1.0","1.0","1.0","1.0","1.0"
"Mobile  Model(16)","1.0","1.0","1.0","1.0","1.0","1.0","1.0","1.0","1.0","1.0","1.0","1.0","1.0"
"modelo celular(16)","1.0","1.0","1.0","1.0","1.0","1.0","1.0","1.0","1.0","1.0","1.0","1.0","1.0"
"mobile media(16)","1.0","1.0","1.0","1.0","1.0","1.0","1.0","1.0","1.0","1.0","1.0","1.0","1.0"
"MobileMedia7(16)","1.0","1.0","1.0","1.0","1.0","1.0","1.0","1.0","1.0","1.0","1.0","1.0","1.0"
"modelo mobilemedia(16)","1.0","1.0","1.0","1.0","1.0","1.0","1.0","1.0","1.0","1.0","1.0","1.0","1.0"
"Mobile  Model(16)","1.0","1.0","1.0","1.0","1.0","1.0","1.0","1.0","1.0","1.0","1.0","1.0","1.0"
"Mobile Media(16)","1.0","1.0","1.0","1.0","1.0","1.0","1.0","1.0","1.0","1.0","1.0","1.0","1.0"
"Exercicio Experimento 1(16)","1.0","1.0","1.0","1.0","1.0","1.0","1.0","0.9884845692186734","1.0","1.0","0.9884845692186734","1.0","1.0"
"Requisitos II(16)","1.0","1.0","1.0","1.0","1.0","1.0","1.0","1.0","1.0","0.9158826840867138","1.0","1.0","1.0"
"Pruebas II(16)","1.0","1.0","1.0","1.0","1.0","1.0","1.0","1.0","1.0","1.0","1.0","1.0","1.0"
"Test Collaboration System(16)","1.0","1.0","1.0","1.0","1.0","1.0","1.0","1.0","1.0","1.0","1.0","1.0","1.0"
"notebook(16)","1.0","1.0","1.0","1.0","1.0","1.0","1.0","1.0","1.0","1.0","1.0","1.0","1.0"
"Mobile Media Test(16)","1.0","1.0","1.0","1.0","1.0","1.0","1.0","1.0","1.0","1.0","1.0","1.0","1.0"
"teste puc(16)","1.0","1.0","1.0","1.0","1.0","1.0","1.0","1.0","1.0","1.0","1.0","1.0","1.0"
"MobileMedia-Bruno-ExpUFMG(16)","1.0","1.0","1.0","1.0","1.0","1.0","1.0","1.0","1.0","1.0","1.0","1.0","1.0"
"MobileMedia_mgarnier(16)","1.0","1.0","1.0","1.0","1.0","1.0","1.0","1.0","1.0","1.0","1.0","1.0","1.0"
"MobileMedia_Diego(16)","1.0","1.0","1.0","1.0","1.0","1.0","1.0","1.0","1.0","1.0","1.0","1.0","1.0"
"MobileMedia_Luciano(16)","1.0","1.0","1.0","1.0","1.0","1.0","1.0","1.0","1.0","1.0","1.0","1.0","1.0"
"Sisgeo(16)","1.0","1.0","1.0","1.0","1.0","1.0","1.0","1.0","1.0","1.0","1.0","1.0","1.0"
"MobileMedia_Cleice(16)","1.0","1.0","1.0","1.0","1.0","1.0","1.0","1.0","1.0","1.0","1.0","1.0","1.0"
"MobileMedia_Thanis(16)","1.0","1.0","1.0","1.0","1.0","1.0","1.0","1.0","1.0","1.0","1.0","1.0","1.0"
"Mobile Media_LeonardoSilva(16)","1.0","1.0","1.0","1.0","1.0","1.0","1.0","0.9121754821155599","1.0","1.0","0.9121754821155599","1.0","1.0"
"MobileMedia_DiegoTavares(16)","1.0","1.0","1.0","1.0","1.0","1.0","1.0","1.0","1.0","1.0","1.0","1.0","1.0"
"MobileMedia_JulianaPadilha(16)","1.0","1.0","1.0","1.0","1.0","1.0","1.0","1.0","1.0","1.0","1.0","1.0","1.0"
"Mobile_Media_Gabriela(16)","1.0","1.0","1.0","1.0","1.0","1.0","1.0","1.0","1.0","1.0","1.0","1.0","1.0"
"Mobile Media Thiago(16)","1.0","1.0","1.0","1.0","1.0","1.0","1.0","0.9946810986334023","1.0","1.0","0.9946810986334023","1.0","1.0"
"myHolidays(16)","1.0","1.0","1.0","1.0","1.0","1.0","1.0","1.0","1.0","1.0","1.0","1.0","1.0"
"Data Collection Model(16)","1.0","1.0","1.0","1.0","1.0","1.0","0.8986712092629537","0.8986712092629537","1.0","1.0","1.0","1.0","1.0"
"MobilePhone(16)","1.0","1.0","1.0","1.0","1.0","1.0","1.0","1.0","1.0","1.0","1.0","1.0","1.0"
"a(16)","1.0","1.0","1.0","1.0","1.0","1.0","1.0","1.0","1.0","1.0","1.0","1.0","1.0"
"Middle Office(16)","1.0","1.0","1.0","1.0","1.0","1.0","1.0","1.0","1.0","1.0","1.0","1.0","1.0"
"IoT-MPL(16)","1.0","1.0","1.0","1.0","1.0","1.0","0.8344906280399591","0.8344906280399591","1.0","1.0","1.0","1.0","1.0"
"Smart Phone Feature Model(16)","1.0","1.0","1.0","1.0","1.0","1.0","0.94206696792973","0.94206696792973","1.0","1.0","1.0","1.0","1.0"
"Navigation Protocol(16)","1.0","1.0","1.0","1.0","1.0","1.0","1.0","0.8882776636539061","1.0","1.0","1.0","1.0","1.0"
"Urna - Municipal(16)","1.0","1.0","1.0","1.0","1.0","1.0","1.0","1.0","1.0","1.0","1.0","1.0","1.0"
"SIXL(16)","1.0","1.0","1.0","1.0","1.0","1.0","1.0","0.9005701336605305","1.0","1.0","1.0","1.0","1.0"
"dinner(16)","1.0","1.0","1.0","1.0","1.0","1.0","1.0","1.0","1.0","1.0","1.0","1.0","1.0"
"Small Graph Product Line(17)","1.0","1.0","1.0","1.0","1.0","1.0","1.0","1.0","1.0","1.0","1.0","1.0","1.0"
"AudioPlayer(17)","1.0","1.0","1.0","1.0","1.0","1.0","1.0","1.0","1.0","1.0","1.0","1.0","1.0"
"Mobile Media until relase 7(17)","1.0","1.0","1.0","1.0","1.0","1.0","1.0","1.0","1.0","1.0","1.0","1.0","1.0"
"SMS a Cobrar / Resposta paga(17)","1.0","1.0","1.0","1.0","1.0","1.0","1.0","1.0","1.0","1.0","1.0","1.0","1.0"
"Basic Text Editor(17)","1.0","1.0","1.0","1.0","1.0","1.0","1.0","1.0","1.0","1.0","1.0","1.0","1.0"
"GuideAgent(17)","1.0","1.0","1.0","1.0","1.0","1.0","0.9954051237806539","1.0","1.0","0.9954051237806539","1.0","1.0","1.0"
"Mobile Media(17)","1.0","1.0","1.0","1.0","1.0","1.0","0.9906977830313553","1.0","1.0","1.0","1.0","1.0","1.0"
"Mobile Media Adriano Lages(17)","1.0","1.0","1.0","1.0","1.0","1.0","1.0","1.0","1.0","1.0","1.0","1.0","1.0"
"daniel souza(17)","1.0","1.0","1.0","1.0","1.0","1.0","0.9768689825407673","1.0","1.0","1.0","1.0","1.0","1.0"
"MobileMedia_BrunoAquino(17)","1.0","1.0","1.0","1.0","1.0","1.0","1.0","0.990624497355366","1.0","1.0","0.990624497355366","1.0","1.0"
"MobileMedia_Gustavo(17)","1.0","1.0","1.0","1.0","1.0","1.0","1.0","1.0","1.0","1.0","1.0","1.0","1.0"
"celular(17)","1.0","1.0","1.0","1.0","1.0","1.0","1.0","1.0","1.0","1.0","1.0","1.0","1.0"
"Modelo de Celulares(17)","1.0","1.0","1.0","1.0","1.0","1.0","1.0","1.0","1.0","1.0","1.0","1.0","1.0"
"Mobile  Model(17)","1.0","1.0","1.0","1.0","1.0","1.0","1.0","0.9859584841096071","1.0","1.0","1.0","1.0","1.0"
"Willian Oizumi - Mobile Media(17)","1.0","1.0","1.0","1.0","1.0","1.0","1.0","0.8929340620878577","1.0","1.0","1.0","1.0","1.0"
"Gsist(17)","1.0","1.0","1.0","1.0","1.0","1.0","1.0","1.0","1.0","1.0","1.0","1.0","1.0"
"SmartPhone Device(17)","1.0","1.0","1.0","1.0","1.0","1.0","1.0","0.9946298226482099","1.0","1.0","0.9946298226482099","1.0","1.0"
"DiegoMobileMedia(17)","1.0","1.0","1.0","1.0","1.0","1.0","1.0","0.9919746247596811","1.0","1.0","1.0","1.0","1.0"
"Mobile_Media_Gabriela(17)","1.0","1.0","1.0","1.0","1.0","1.0","1.0","1.0","1.0","1.0","1.0","1.0","1.0"
"EventosPerez(17)","1.0","1.0","1.0","1.0","1.0","1.0","1.0","1.0","1.0","1.0","1.0","1.0","1.0"
"variabilidad(17)","1.0","1.0","1.0","1.0","1.0","1.0","1.0","1.0","1.0","1.0","1.0","1.0","1.0"
"SIGA-lctf-fta(17)","1.0","1.0","1.0","1.0","1.0","1.0","1.0","1.0","1.0","1.0","1.0","1.0","1.0"
"MISO Uniandes 201411102(17)","1.0","1.0","1.0","1.0","1.0","1.0","1.0","1.0","1.0","1.0","1.0","1.0","1.0"
"BuurtPensioen(17)","1.0","1.0","1.0","1.0","1.0","1.0","1.0","1.0","1.0","1.0","1.0","1.0","1.0"
"LscSpecSemantics(17)","1.0","1.0","1.0","1.0","1.0","1.0","1.0","1.0","1.0","1.0","1.0","1.0","1.0"
"Tienda Virtual PUJ(17)","1.0","1.0","1.0","1.0","1.0","1.0","0.9974584564116417","0.9974584564116417","1.0","0.9974584564116417","0.9974584564116417","1.0","1.0"
"SysML Model(17)","1.0","1.0","1.0","1.0","1.0","1.0","1.0","1.0","1.0","1.0","1.0","1.0","1.0"
"Master(17)","1.0","1.0","1.0","1.0","1.0","1.0","1.0","1.0","1.0","1.0","1.0","1.0","1.0"
"PPU(17)","1.0","1.0","1.0","1.0","1.0","1.0","1.0","0.8278926878636764","1.0","1.0","0.8278926878636764","1.0","1.0"
"Urna-EMF(17)","1.0","1.0","1.0","1.0","1.0","1.0","0.8592729775016472","1.0","1.0","1.0","1.0","1.0","1.0"
"MobiLine(17)","1.0","1.0","1.0","1.0","1.0","1.0","1.0","1.0","1.0","1.0","1.0","1.0","1.0"
"Hastane Randevu Sistemi(17)","1.0","1.0","1.0","1.0","1.0","1.0","0.677911174010652","0.8180263747329102","1.0","0.8180263747329102","0.8180263747329102","1.0","1.0"
"Graph Product Line(17)","1.0","1.0","1.0","1.0","1.0","1.0","0.5335683997355086","1.0","1.0","0.5633789011321411","1.0","1.0","1.0"
"Monitor_Engine_System(17)","1.0","1.0","1.0","1.0","1.0","1.0","1.0","1.0","1.0","1.0","1.0","1.0","1.0"
"Stack PL(17)","1.0","1.0","1.0","1.0","1.0","1.0","1.0","1.0","1.0","1.0","1.0","1.0","1.0"
"Project Portal Suite(18)","1.0","1.0","1.0","1.0","1.0","1.0","1.0","1.0","1.0","1.0","1.0","1.0","1.0"
"Car Software System(18)","1.0","1.0","1.0","1.0","1.0","1.0","0.9651656221338305","1.0","1.0","1.0","1.0","1.0","1.0"
"IDE4OCL(18)","1.0","1.0","1.0","1.0","1.0","1.0","1.0","1.0","1.0","1.0","1.0","1.0","1.0"
"Software Engineering Course(18)","1.0","1.0","1.0","1.0","1.0","1.0","1.0","1.0","1.0","1.0","1.0","1.0","1.0"
"ISPW-6(18)","1.0","1.0","1.0","1.0","1.0","1.0","1.0","1.0","1.0","1.0","1.0","1.0","1.0"
"Editor de imagem(18)","1.0","1.0","1.0","1.0","1.0","1.0","0.9103124468106527","0.9103124468106527","1.0","1.0","1.0","1.0","1.0"
"Requirements Proces Variability(18)","1.0","1.0","1.0","1.0","1.0","1.0","1.0","1.0","1.0","1.0","1.0","1.0","1.0"
"OnlineExamPL(18)","1.0","1.0","1.0","1.0","1.0","1.0","1.0","1.0","1.0","1.0","1.0","1.0","1.0"
"dfffffffffff(18)","1.0","1.0","1.0","1.0","1.0","1.0","1.0","1.0","1.0","1.0","1.0","1.0","1.0"
"Mobile media v6(18)","1.0","1.0","1.0","1.0","1.0","1.0","1.0","1.0","1.0","1.0","1.0","1.0","1.0"
"myHolidays(18)","1.0","1.0","1.0","1.0","1.0","1.0","1.0","0.9964148671595159","1.0","1.0","0.9964148671595159","1.0","1.0"
"myHolidays(18)","1.0","1.0","1.0","1.0","1.0","1.0","1.0","1.0","1.0","1.0","1.0","1.0","1.0"
"ComputationalThinking(18)","1.0","1.0","1.0","1.0","1.0","1.0","1.0","1.0","1.0","1.0","1.0","1.0","1.0"
"Visual Data Graph(18)","1.0","1.0","1.0","1.0","1.0","1.0","1.0","1.0","1.0","1.0","1.0","1.0","1.0"
"IRIS(18)","1.0","1.0","1.0","1.0","1.0","1.0","0.962260967153101","1.0","1.0","1.0","1.0","1.0","1.0"
"Telefonos Moviles(18)","1.0","1.0","1.0","1.0","1.0","1.0","0.9062288856280023","0.7010532419253316","0.9062288856280023","1.0","0.7010532419253316","1.0","1.0"
"computers(18)","1.0","1.0","1.0","1.0","1.0","1.0","1.0","1.0","1.0","1.0","1.0","1.0","1.0"
"Amazon web services(18)","1.0","1.0","1.0","1.0","1.0","1.0","1.0","1.0","1.0","1.0","1.0","1.0","1.0"
"Text_Editor(18)","1.0","1.0","1.0","1.0","1.0","1.0","1.0","1.0","1.0","1.0","1.0","1.0","1.0"
"FIRE-ALARM(19)","1.0","1.0","1.0","1.0","1.0","1.0","1.0","1.0","1.0","1.0","1.0","1.0","1.0"
"ISA11/12_pgr(19)","1.0","1.0","1.0","1.0","1.0","1.0","1.0","1.0","1.0","1.0","1.0","1.0","1.0"
"Construtora(19)","1.0","1.0","1.0","1.0","1.0","1.0","1.0","1.0","1.0","1.0","1.0","1.0","1.0"
"Test Env(19)","1.0","1.0","1.0","1.0","1.0","1.0","1.0","0.6954849629692447","1.0","1.0","1.0","1.0","1.0"
"Agencia de Propaganda(19)","1.0","1.0","1.0","1.0","1.0","1.0","1.0","1.0","1.0","1.0","1.0","1.0","1.0"
"WebKit overview(19)","1.0","1.0","1.0","1.0","1.0","1.0","0.9000268534130046","0.9691918884479884","1.0","0.9000268534130046","0.9000268534130046","1.0","1.0"
"RST Game(19)","1.0","1.0","1.0","1.0","1.0","1.0","1.0","1.0","1.0","1.0","1.0","1.0","1.0"
"SimulesSPLBruno(19)","1.0","1.0","1.0","1.0","1.0","1.0","1.0","1.0","1.0","1.0","1.0","1.0","1.0"
"Software-Product(19)","1.0","1.0","1.0","1.0","1.0","1.0","1.0","1.0","1.0","1.0","1.0","1.0","1.0"
"Software-Product(19)","1.0","1.0","1.0","1.0","1.0","1.0","1.0","1.0","1.0","1.0","1.0","1.0","1.0"
"Toko(19)","1.0","1.0","1.0","1.0","1.0","1.0","1.0","1.0","1.0","1.0","1.0","1.0","1.0"
"Siga(19)","1.0","1.0","1.0","1.0","1.0","1.0","1.0","1.0","1.0","1.0","1.0","1.0","1.0"
"Game of war cards(19)","1.0","1.0","1.0","1.0","1.0","1.0","0.9766779490784536","1.0","1.0","1.0","1.0","1.0","1.0"
"E-Commerce(19)","1.0","1.0","1.0","1.0","1.0","1.0","1.0","1.0","1.0","1.0","1.0","1.0","1.0"
"Nexus DSPL(19)","1.0","1.0","1.0","1.0","1.0","1.0","0.901380412229565","1.0","1.0","1.0","1.0","1.0","1.0"
"Eleição para presidente e dois senadores(19)","1.0","1.0","1.0","1.0","1.0","1.0","1.0","1.0","1.0","1.0","1.0","1.0","1.0"
"Urna - Federal(19)","1.0","1.0","1.0","1.0","1.0","1.0","1.0","0.910624847818224","1.0","1.0","1.0","1.0","1.0"
"PawelsTestThermometer(19)","1.0","1.0","1.0","1.0","1.0","1.0","1.0","1.0","1.0","1.0","1.0","1.0","1.0"
"Cruise Control SPL(19)","1.0","1.0","1.0","1.0","1.0","1.0","0.9446688999651509","0.9989595358587213","1.0","1.0","1.0","1.0","1.0"
"Connector PL(20)","1.0","1.0","1.0","1.0","1.0","1.0","1.0","1.0","1.0","1.0","1.0","1.0","1.0"
"EC2(20)","1.0","1.0","1.0","1.0","1.0","1.0","1.0","1.0","1.0","1.0","1.0","1.0","1.0"
"Context Feature Model(20)","1.0","1.0","1.0","1.0","1.0","1.0","1.0","1.0","1.0","1.0","1.0","1.0","1.0"
"Mobile Phone(20)","1.0","1.0","1.0","1.0","1.0","1.0","1.0","1.0","1.0","1.0","1.0","1.0","1.0"
"Stacja Pogodowa(20)","1.0","1.0","1.0","1.0","1.0","1.0","1.0","1.0","1.0","1.0","1.0","1.0","1.0"
"Card Product(20)","1.0","1.0","1.0","1.0","1.0","1.0","1.0","1.0","1.0","1.0","1.0","1.0","1.0"
"Respaldo de base de datos (Poda)(20)","1.0","1.0","1.0","1.0","1.0","1.0","1.0","1.0","1.0","1.0","1.0","1.0","1.0"
"Monitor Engine(20)","1.0","1.0","1.0","1.0","1.0","1.0","1.0","1.0","1.0","1.0","1.0","1.0","1.0"
"Scheduler(20)","1.0","1.0","1.0","1.0","1.0","1.0","1.0","1.0","1.0","1.0","1.0","1.0","1.0"
"Jogo de Engenharia de Software(20)","1.0","1.0","1.0","1.0","1.0","1.0","1.0","1.0","1.0","1.0","1.0","1.0","1.0"
"MKT(20)","1.0","1.0","1.0","1.0","1.0","1.0","1.0","0.9629505360295121","1.0","1.0","1.0","1.0","1.0"
"historioa clinica(20)","1.0","1.0","1.0","1.0","1.0","1.0","1.0","1.0","1.0","1.0","1.0","1.0","1.0"
"poratfolios1(20)","1.0","1.0","1.0","1.0","1.0","1.0","1.0","0.9295785502485279","1.0","1.0","1.0","1.0","1.0"
"Equation_LO(20)","1.0","1.0","1.0","1.0","1.0","1.0","1.0","0.8911018562844666","1.0","1.0","1.0","1.0","1.0"
"ReallyConsistentQuestion(20)","1.0","1.0","1.0","1.0","1.0","1.0","0.045147914590888016","1.0","1.0","1.0","1.0","1.0","1.0"
"COBI(20)","1.0","1.0","1.0","1.0","1.0","1.0","1.0","1.0","1.0","1.0","1.0","1.0","1.0"
"Lampiro(20)","1.0","1.0","1.0","1.0","1.0","1.0","1.0","1.0","1.0","1.0","1.0","1.0","1.0"
"Dynamic Software Product Lines for Service-Based Systems(20)","1.0","1.0","1.0","1.0","1.0","1.0","1.0","1.0","1.0","1.0","1.0","1.0","1.0"
"ConferenceContext(20)","1.0","1.0","1.0","1.0","1.0","1.0","1.0","1.0","1.0","1.0","1.0","1.0","1.0"
"Cloud Storage Software(20)","1.0","1.0","1.0","1.0","1.0","1.0","1.0","1.0","1.0","1.0","1.0","1.0","1.0"
"Online shopping software(20)","1.0","1.0","1.0","1.0","1.0","1.0","1.0","1.0","1.0","1.0","1.0","1.0","1.0"
"urna1_Padia(20)","1.0","1.0","1.0","1.0","1.0","1.0","0.7522394971419932","1.0","1.0","1.0","1.0","1.0","1.0"
"urna2_Padia(20)","1.0","1.0","1.0","1.0","1.0","1.0","0.7995761229016124","1.0","1.0","0.7995761229016124","1.0","1.0","1.0"
"PawelRobo(20)","1.0","1.0","1.0","1.0","1.0","1.0","1.0","1.0","1.0","1.0","1.0","1.0","1.0"
"Connecterra design(20)","1.0","1.0","1.0","1.0","1.0","1.0","1.0","1.0","1.0","1.0","1.0","1.0","1.0"
"bib1(20)","1.0","1.0","1.0","1.0","1.0","1.0","1.0","1.0","1.0","1.0","1.0","1.0","1.0"
"FAME-DBMS(21)","1.0","1.0","1.0","1.0","1.0","1.0","1.0","1.0","1.0","1.0","1.0","1.0","1.0"
"Diagrama de Experimento(21)","1.0","1.0","1.0","1.0","1.0","1.0","1.0","1.0","1.0","1.0","1.0","1.0","1.0"
"Modelo de Características de um Carro(21)","1.0","1.0","1.0","1.0","1.0","1.0","1.0","1.0","1.0","1.0","1.0","1.0","1.0"
"Monitor(21)","1.0","1.0","1.0","1.0","1.0","1.0","1.0","1.0","1.0","1.0","1.0","1.0","1.0"
"EnsinoOperaLogicosKdu(21)","1.0","1.0","1.0","1.0","1.0","1.0","0.9742420815270314","0.9742420815270314","1.0","0.9937690840071169","0.9937690840071169","1.0","1.0"
"Eventos1Sandoval(21)","1.0","1.0","1.0","1.0","1.0","1.0","0.9735489188985176","0.9735489188985176","1.0","1.0","1.0","1.0","1.0"
"Toko(21)","1.0","1.0","1.0","1.0","1.0","1.0","1.0","1.0","1.0","1.0","1.0","1.0","1.0"
"Toko(21)","1.0","1.0","1.0","1.0","1.0","1.0","1.0","1.0","1.0","1.0","1.0","1.0","1.0"
"Bike(21)","1.0","1.0","1.0","1.0","1.0","1.0","1.0","1.0","1.0","1.0","1.0","1.0","1.0"
"Modelo de Características de um Carro(21)","1.0","1.0","1.0","1.0","1.0","1.0","1.0","0.9996992127462802","1.0","1.0","0.9996992127462802","1.0","1.0"
"Card Payment Terminal(21)","1.0","1.0","1.0","1.0","1.0","1.0","0.9852654727670296","0.9128880230198169","1.0","0.9966550115463232","0.9966550115463232","1.0","1.0"
"urna3_Padia(21)","1.0","1.0","1.0","1.0","1.0","1.0","1.0","1.0","1.0","1.0","1.0","1.0","1.0"
"Urna - Marcos Felipe - UFMG(21)","1.0","1.0","1.0","1.0","1.0","1.0","0.8731838576452767","0.5428155859342839","1.0","0.8731838576452767","0.5428155859342839","1.0","1.0"
"UrnaEletronica(21)","1.0","1.0","1.0","1.0","1.0","1.0","1.0","1.0","1.0","1.0","1.0","1.0","1.0"
"URNA - Gabriel Carmo(21)","1.0","1.0","1.0","1.0","1.0","1.0","0.8085911861951565","1.0","1.0","1.0","1.0","1.0","1.0"
"BC(21)","1.0","1.0","1.0","1.0","1.0","1.0","1.0","1.0","1.0","1.0","1.0","1.0","1.0"
"Linea de Productos(21)","1.0","1.0","1.0","1.0","1.0","1.0","1.0","1.0","1.0","1.0","1.0","1.0","1.0"
"Telefonos Celulares(21)","1.0","1.0","1.0","1.0","1.0","1.0","0.886406607990813","1.0","1.0","1.0","1.0","1.0","1.0"
"Game Entity Model(21)","1.0","1.0","1.0","1.0","1.0","1.0","1.0","1.0","1.0","1.0","1.0","1.0","1.0"
"Robot SPLE(21)","1.0","1.0","1.0","1.0","1.0","1.0","1.0","1.0","1.0","1.0","1.0","1.0","1.0"
"Insurance Policy(22)","1.0","1.0","1.0","1.0","1.0","1.0","1.0","1.0","1.0","1.0","1.0","1.0","1.0"
"JCalc_LPS(22)","1.0","1.0","1.0","1.0","1.0","1.0","1.0","1.0","1.0","1.0","1.0","1.0","1.0"
"StoreFrontSystem(22)","1.0","1.0","1.0","1.0","1.0","1.0","1.0","1.0","1.0","1.0","1.0","1.0","1.0"
"TrialADC(22)","1.0","1.0","1.0","1.0","1.0","1.0","0.9729984094968416","1.0","1.0","0.982354732525638","1.0","1.0","1.0"
"Fabrica de software(22)","1.0","1.0","1.0","1.0","1.0","1.0","1.0","1.0","1.0","1.0","1.0","1.0","1.0"
"Mobile Applications Contents(22)","1.0","1.0","1.0","1.0","1.0","1.0","1.0","0.910511548419128","1.0","1.0","1.0","1.0","1.0"
"Tiendas_pos(22)","1.0","1.0","1.0","1.0","1.0","1.0","1.0","1.0","1.0","1.0","1.0","1.0","1.0"
"Software-Product(22)","1.0","1.0","1.0","1.0","1.0","1.0","1.0","1.0","1.0","1.0","1.0","1.0","1.0"
"MC_PortalesCeis_Magister(22)","1.0","1.0","1.0","1.0","1.0","1.0","1.0","1.0","1.0","1.0","1.0","1.0","1.0"
"LineaDeCredito(22)","1.0","1.0","1.0","1.0","1.0","1.0","1.0","1.0","1.0","1.0","1.0","1.0","1.0"
"MarketplaceDeLosAlpes(22)","1.0","1.0","1.0","1.0","1.0","1.0","1.0","1.0","1.0","1.0","1.0","1.0","1.0"
"Uniandes-MISO-Inmobiliaria(22)","1.0","1.0","1.0","1.0","1.0","1.0","1.0","1.0","1.0","1.0","1.0","1.0","1.0"
"GymManager(22)","1.0","1.0","1.0","1.0","1.0","1.0","0.9760726969227828","0.9760726969227828","1.0","1.0","1.0","1.0","1.0"
"17-mobile Game(22)","1.0","1.0","1.0","1.0","1.0","1.0","1.0","1.0","1.0","1.0","1.0","1.0","1.0"
"Smart Home(22)","1.0","1.0","1.0","1.0","1.0","1.0","0.9630708837091457","0.9958452141764922","1.0","1.0","1.0","1.0","1.0"
"IEC(22)","1.0","1.0","1.0","1.0","1.0","1.0","1.0","1.0","1.0","1.0","1.0","1.0","1.0"
"urna_2012054743(22)","1.0","1.0","1.0","1.0","1.0","1.0","0.9211300630653081","0.9211300630653081","1.0","1.0","1.0","1.0","1.0"
"VOTE4ME Serveur(23)","1.0","1.0","1.0","1.0","1.0","1.0","1.0","1.0","1.0","0.9988764918400285","0.9988764918400285","1.0","1.0"
"Ejercicio(23)","1.0","1.0","1.0","1.0","1.0","1.0","0.9631497983603622","1.0","1.0","1.0","1.0","1.0","1.0"
"sftcam(23)","1.0","1.0","1.0","1.0","1.0","1.0","1.0","0.9411566329181092","1.0","1.0","1.0","1.0","1.0"
"SC1 Feature Model(23)","1.0","1.0","1.0","1.0","1.0","1.0","1.0","1.0","1.0","1.0","1.0","1.0","1.0"
"portafolioContreras(23)","1.0","1.0","1.0","1.0","1.0","1.0","0.9392271875367082","0.9368832783827726","1.0","1.0","1.0","1.0","1.0"
"Mobile Media v7(23)","1.0","1.0","1.0","1.0","1.0","1.0","1.0","1.0","1.0","1.0","1.0","1.0","1.0"
"teste_2(23)","1.0","1.0","1.0","1.0","1.0","1.0","1.0","1.0","1.0","1.0","1.0","1.0","1.0"
"DelayBlockSemSpec(23)","1.0","1.0","1.0","1.0","1.0","1.0","0.6529877217408946","1.0","1.0","0.6529877217408946","1.0","1.0","1.0"
"FrameWorkProdemge(23)","1.0","1.0","1.0","1.0","1.0","1.0","1.0","1.0","1.0","1.0","1.0","1.0","1.0"
"EjericioModeloCaracteristicas(23)","1.0","1.0","1.0","1.0","1.0","1.0","0.8888135605982647","1.0","1.0","0.9976199906422368","1.0","1.0","1.0"
"e-Event(23)","1.0","1.0","1.0","1.0","1.0","1.0","1.0","1.0","1.0","1.0","1.0","1.0","1.0"
"Urna - Edipo - UFMG(23)","1.0","1.0","1.0","1.0","1.0","1.0","1.0","0.6835602364354487","1.0","1.0","1.0","1.0","1.0"
"UrnaUFMGSERGIOMiranda(23)","1.0","1.0","1.0","1.0","1.0","1.0","1.0","1.0","1.0","1.0","1.0","1.0","1.0"
"Urna Eletrônica(23)","1.0","1.0","1.0","1.0","1.0","1.0","0.8603609628812547","1.0","1.0","1.0","1.0","1.0","1.0"
"SPLE robot assignment(23)","1.0","1.0","1.0","1.0","1.0","1.0","0.8271537547337988","0.8271537547337988","1.0","1.0","1.0","1.0","1.0"
"LPS(23)","1.0","1.0","1.0","1.0","1.0","1.0","1.0","1.0","1.0","1.0","1.0","1.0","1.0"
"Weather Station(23)","1.0","1.0","1.0","1.0","1.0","1.0","0.9705055190359235","0.8092084065054549","1.0","0.9705055190359235","0.9705055190359235","1.0","1.0"
"Linea de Experimentos(24)","1.0","1.0","1.0","1.0","1.0","1.0","1.0","1.0","1.0","1.0","1.0","1.0","1.0"
"Linea de Experimentos(24)","1.0","1.0","1.0","1.0","1.0","1.0","1.0","1.0","1.0","1.0","1.0","1.0","1.0"
"Linea de Experimentos(24)","1.0","1.0","1.0","1.0","1.0","1.0","1.0","1.0","1.0","1.0","1.0","1.0","1.0"
"Linea de Experimentos(24)","1.0","1.0","1.0","1.0","1.0","1.0","1.0","1.0","1.0","1.0","1.0","1.0","1.0"
"Linea de Experimentos(24)","1.0","1.0","1.0","1.0","1.0","1.0","1.0","1.0","1.0","1.0","1.0","1.0","1.0"
"PLeTs(24)","1.0","1.0","1.0","1.0","1.0","1.0","1.0","0.881605996525261","1.0","1.0","1.0","1.0","1.0"
"Counter Strike Simple Feature Model(24)","1.0","1.0","1.0","1.0","1.0","1.0","0.9028393487353931","0.9398489311984011","1.0","1.0","1.0","1.0","1.0"
"Invio(24)","1.0","1.0","1.0","1.0","1.0","1.0","0.9776241694697144","0.9999806118155943","1.0","0.9999806118155943","0.9999806118155943","1.0","1.0"
"agis(24)","1.0","1.0","1.0","1.0","1.0","1.0","1.0","1.0","1.0","1.0","1.0","1.0","1.0"
"EMGBS(24)","1.0","1.0","1.0","1.0","1.0","1.0","1.0","1.0","1.0","1.0","1.0","1.0","1.0"
"B2B Website(24)","1.0","1.0","1.0","1.0","1.0","1.0","1.0","1.0","1.0","1.0","1.0","1.0","1.0"
"E-Learning(24)","1.0","1.0","1.0","1.0","1.0","1.0","1.0","1.0","1.0","1.0","1.0","1.0","1.0"
"TiendaEnLinea(24)","1.0","1.0","1.0","1.0","1.0","1.0","1.0","1.0","1.0","1.0","1.0","1.0","1.0"
"IMSPL-FeatureModel-V1(24)","1.0","1.0","1.0","1.0","1.0","1.0","0.9946685596598972","0.9946685596598972","1.0","1.0","1.0","1.0","1.0"
"Classifieds Systems(24)","1.0","1.0","1.0","1.0","1.0","1.0","1.0","1.0","1.0","1.0","1.0","1.0","1.0"
"Configurable Tank(24)","1.0","1.0","1.0","1.0","1.0","1.0","0.9162847822820619","0.9162847822820619","1.0","1.0","1.0","1.0","1.0"
"Online shopping software(24)","1.0","1.0","1.0","1.0","1.0","1.0","1.0","1.0","1.0","1.0","1.0","1.0","1.0"
"CassVotingMachine(24)","1.0","1.0","1.0","1.0","1.0","1.0","1.0","0.9609010433252265","1.0","1.0","1.0","1.0","1.0"
"Urna Eletronica(24)","1.0","1.0","1.0","1.0","1.0","1.0","0.8695548465575657","0.8695548465575657","1.0","1.0","1.0","1.0","1.0"
"U-learning System(24)","1.0","1.0","1.0","1.0","1.0","1.0","1.0","1.0","1.0","1.0","1.0","1.0","1.0"
"Charger(24)","1.0","1.0","1.0","1.0","1.0","1.0","0.9726403097102685","0.9726403097102685","1.0","1.0","1.0","1.0","1.0"
"Mobile Phone(25)","1.0","1.0","1.0","1.0","1.0","1.0","0.98676503757401","1.0","1.0","1.0","1.0","1.0","1.0"
"GMF_Eclipse_Reuso_UFRJ(25)","1.0","1.0","1.0","1.0","1.0","1.0","1.0","1.0","1.0","1.0","1.0","1.0","1.0"
"Assistencia domiciliar(25)","1.0","1.0","1.0","1.0","1.0","1.0","1.0","1.0","1.0","1.0","1.0","1.0","1.0"
"MobileMedia_Conejero(25)","1.0","1.0","1.0","1.0","1.0","1.0","1.0","1.0","1.0","1.0","1.0","1.0","1.0"
"Carros(25)","1.0","1.0","1.0","1.0","1.0","1.0","1.0","1.0","1.0","1.0","1.0","1.0","1.0"
"Carros(25)","1.0","1.0","1.0","1.0","1.0","1.0","0.8553165667907087","0.7495708876984887","1.0","1.0","1.0","1.0","1.0"
"Lucas - pnp(25)","1.0","1.0","1.0","1.0","1.0","1.0","0.974525831851146","0.974525831851146","1.0","0.974525831851146","0.974525831851146","1.0","1.0"
"stcam(25)","1.0","1.0","1.0","1.0","1.0","1.0","1.0","0.8273097643183053","1.0","1.0","0.8783376690427931","1.0","1.0"
"VacacionesSanmiguel(25)","1.0","1.0","1.0","1.0","1.0","1.0","0.9783732352458615","0.9777563686470062","1.0","0.9783732352458615","0.9777563686470062","1.0","1.0"
"eventos2(25)","1.0","1.0","1.0","1.0","1.0","1.0","0.9375251607209324","0.9375251607209324","1.0","0.9911460140274186","0.9911460140274186","1.0","1.0"
"MesaAyuda-Magister2014(25)","1.0","1.0","1.0","1.0","1.0","1.0","0.8622629504485353","0.8547516275698139","1.0","0.9969234899558409","1.0","1.0","1.0"
"MobilePhone(25)","1.0","1.0","1.0","1.0","1.0","1.0","0.9430084281437833","1.0","1.0","1.0","1.0","1.0","1.0"
"Online Bookstore(25)","1.0","1.0","1.0","1.0","1.0","1.0","1.0","1.0","1.0","1.0","1.0","1.0","1.0"
"Help System(25)","1.0","1.0","1.0","1.0","1.0","1.0","1.0","0.9635912606768902","1.0","1.0","1.0","1.0","1.0"
"Mobile Phone(25)","1.0","1.0","1.0","1.0","1.0","1.0","1.0","1.0","1.0","1.0","1.0","1.0","1.0"
"Urna Eletrônica - Marina - UFMG(25)","1.0","1.0","1.0","1.0","1.0","1.0","1.0","1.0","1.0","1.0","1.0","1.0","1.0"
"SM for SPLE(25)","1.0","1.0","1.0","1.0","1.0","1.0","1.0","1.0","1.0","1.0","1.0","1.0","1.0"
"Ligne des sites Web(25)","1.0","1.0","1.0","1.0","1.0","1.0","0.9824482415927162","1.0","1.0","1.0","1.0","1.0","1.0"
"Automoviles(25)","1.0","1.0","1.0","1.0","1.0","1.0","0.932623867667599","1.0","1.0","1.0","1.0","1.0","1.0"
"Key_Word_In_Context_index_systems(25)","1.0","1.0","1.0","1.0","1.0","1.0","1.0","1.0","1.0","1.0","1.0","1.0","1.0"
"Insurance_Product(25)","1.0","1.0","1.0","1.0","1.0","1.0","1.0","1.0","1.0","1.0","1.0","1.0","1.0"
"prueba(26)","1.0","1.0","1.0","1.0","1.0","1.0","1.0","1.0","1.0","1.0","1.0","1.0","1.0"
"Carro(26)","1.0","1.0","1.0","1.0","1.0","1.0","0.7941758210079914","0.7941758210079914","1.0","1.0","1.0","1.0","1.0"
"MODELO HISTORIA CLINICA(26)","1.0","1.0","1.0","1.0","1.0","1.0","1.0","1.0","1.0","1.0","1.0","1.0","1.0"
"DMS(26)","1.0","1.0","1.0","1.0","1.0","1.0","0.9506419576426671","0.9506419576426671","1.0","1.0","1.0","1.0","1.0"
"Mobile Media v8(26)","1.0","1.0","1.0","1.0","1.0","1.0","1.0","1.0","1.0","1.0","1.0","1.0","1.0"
"LIneFollower_1(26)","1.0","1.0","1.0","1.0","1.0","1.0","0.9749873357109669","0.9749873357109669","1.0","0.9749873357109669","0.9749873357109669","1.0","1.0"
"e-foramation(26)","1.0","1.0","1.0","1.0","1.0","1.0","0.9201849654056917","1.0","1.0","1.0","1.0","1.0","1.0"
"MarketplaceDeLosAlpes(26)","1.0","1.0","1.0","1.0","1.0","1.0","1.0","1.0","1.0","1.0","1.0","1.0","1.0"
"HelpSystem_2(26)","1.0","1.0","1.0","1.0","1.0","1.0","1.0","1.0","1.0","1.0","1.0","1.0","1.0"
"HelpSystem_1(26)","1.0","1.0","1.0","1.0","1.0","1.0","1.0","1.0","1.0","1.0","1.0","1.0","1.0"
"Caso Inmobiliaria(26)","1.0","1.0","1.0","1.0","1.0","1.0","1.0","0.9934678011311701","1.0","1.0","0.9934678011311701","1.0","1.0"
"POOGame(26)","1.0","1.0","1.0","1.0","1.0","1.0","1.0","1.0","1.0","1.0","1.0","1.0","1.0"
"Sistema de venda de passagens(26)","1.0","1.0","1.0","1.0","1.0","1.0","1.0","1.0","1.0","1.0","1.0","1.0","1.0"
"Visit Indo(26)","1.0","1.0","1.0","1.0","1.0","1.0","1.0","1.0","1.0","1.0","1.0","1.0","1.0"
"MasterSoft: Verkauf(26)","1.0","1.0","1.0","1.0","1.0","1.0","1.0","1.0","1.0","1.0","1.0","1.0","1.0"
"Digital_Video_System(26)","1.0","1.0","1.0","1.0","1.0","1.0","1.0","1.0","1.0","1.0","1.0","1.0","1.0"
"Bicycle feature model(27)","1.0","1.0","1.0","1.0","1.0","1.0","0.9903111769051264","0.9903111769051264","1.0","1.0","1.0","1.0","1.0"
"PFTest(27)","1.0","1.0","1.0","1.0","1.0","1.0","1.0","1.0","1.0","1.0","1.0","1.0","1.0"
"body comfort system(27)","1.0","1.0","1.0","1.0","1.0","1.0","1.0","1.0","1.0","1.0","1.0","1.0","1.0"
"HDD Seagate(27)","1.0","1.0","1.0","1.0","1.0","1.0","1.0","1.0","1.0","1.0","1.0","1.0","1.0"
"EventosFeijoo(27)","1.0","1.0","1.0","1.0","1.0","1.0","0.9675181093494885","1.0","1.0","1.0","1.0","1.0","1.0"
"ScrollingText(27)","1.0","1.0","1.0","1.0","1.0","1.0","0.98155679939957","0.988420793740449","1.0","1.0","1.0","1.0","1.0"
"InmobiliatiaCase(27)","1.0","1.0","1.0","1.0","1.0","1.0","1.0","1.0","1.0","1.0","1.0","1.0","1.0"
"WindFarm(27)","1.0","1.0","1.0","1.0","1.0","1.0","0.9449447535389125","0.8677462187481398","1.0","1.0","1.0","1.0","1.0"
"Sistema de campeonato(27)","1.0","1.0","1.0","1.0","1.0","1.0","1.0","0.9863835319278993","1.0","1.0","1.0","1.0","1.0"
"Sistema de Informes por movil(28)","1.0","1.0","1.0","1.0","1.0","1.0","0.6750469507046928","0.7918077826520183","1.0","1.0","1.0","1.0","1.0"
"Guitarra(28)","1.0","1.0","1.0","1.0","1.0","1.0","0.945872330031906","0.942281658475522","1.0","1.0","1.0","1.0","1.0"
"Recordatorios(28)","1.0","1.0","1.0","1.0","1.0","1.0","1.0","1.0","1.0","1.0","1.0","1.0","1.0"
"Portafolios1Gomez(28)","1.0","1.0","1.0","1.0","1.0","1.0","0.9436004020302953","1.0","1.0","1.0","1.0","1.0","1.0"
"Smart_Home(28)","1.0","1.0","1.0","1.0","1.0","1.0","1.0","1.0","1.0","1.0","1.0","1.0","1.0"
"deepak_fm(28)","1.0","1.0","1.0","1.0","1.0","1.0","1.0","1.0","1.0","1.0","1.0","1.0","1.0"
"Inmobiliaria(28)","1.0","1.0","1.0","1.0","1.0","1.0","1.0","1.0","1.0","1.0","1.0","1.0","1.0"
"Quality Attribute Functionalities Simple(28)","1.0","1.0","1.0","1.0","1.0","1.0","1.0","0.9582725270750628","1.0","1.0","1.0","1.0","1.0"
"Trabalho Topicos(28)","1.0","1.0","1.0","1.0","1.0","1.0","0.9721899708437661","1.0","1.0","1.0","1.0","1.0","1.0"
"Urna Eletrônica - Renato - UFMG(28)","1.0","1.0","1.0","1.0","1.0","1.0","0.9325625588155532","0.9325625588155532","1.0","0.9325625588155532","0.9325625588155532","1.0","1.0"
"Livraria Online(28)","1.0","1.0","1.0","1.0","1.0","1.0","1.0","1.0","1.0","1.0","1.0","1.0","1.0"
"smartphone(28)","1.0","1.0","1.0","1.0","1.0","1.0","1.0","1.0","1.0","1.0","1.0","1.0","1.0"
"ATM Software(29)","1.0","1.0","1.0","1.0","1.0","1.0","1.0","1.0","1.0","1.0","1.0","1.0","1.0"
"Feature Model do Dominio de Agendamento(29)","1.0","1.0","1.0","1.0","1.0","1.0","1.0","1.0","1.0","1.0","1.0","1.0","1.0"
"TV-Series Shirt(29)","1.0","1.0","1.0","1.0","1.0","1.0","0.9947482068744223","0.9671372468042404","1.0","0.9947482068744223","0.9671372468042404","1.0","1.0"
"Eclipse Platform(29)","1.0","1.0","1.0","1.0","1.0","1.0","1.0","1.0","1.0","1.0","1.0","1.0","1.0"
"Torrent Client(29)","1.0","1.0","1.0","1.0","1.0","1.0","1.0","1.0","1.0","1.0","1.0","1.0","1.0"
"RhiscomProcessModel(29)","1.0","1.0","1.0","1.0","1.0","1.0","1.0","1.0","1.0","1.0","1.0","1.0","1.0"
"Health Plan Diogo(29)","1.0","1.0","1.0","1.0","1.0","1.0","1.0","1.0","1.0","1.0","1.0","1.0","1.0"
"Bikesharing(29)","1.0","1.0","1.0","1.0","1.0","1.0","0.9940151138156975","1.0","1.0","1.0","1.0","1.0","1.0"
"EventosHernandez(29)","1.0","1.0","1.0","1.0","1.0","1.0","0.9286175742069717","0.9286175742069717","1.0","0.9286175742069717","0.9286175742069717","1.0","1.0"
"blog-Gabriel-magister2014(29)","1.0","1.0","1.0","1.0","1.0","1.0","1.0","0.9993628293280038","1.0","1.0","0.9993628293280038","1.0","1.0"
"MobileApps Multiplatform(29)","1.0","1.0","1.0","1.0","1.0","1.0","1.0","1.0","1.0","1.0","1.0","1.0","1.0"
"ScrollingText(29)","1.0","1.0","1.0","1.0","1.0","1.0","1.0","1.0","1.0","1.0","1.0","1.0","1.0"
"GPL(29)","1.0","1.0","1.0","1.0","1.0","1.0","1.0","1.0","1.0","1.0","1.0","1.0","1.0"
"Inmobiliaria_Taller(29)","1.0","1.0","1.0","1.0","1.0","1.0","1.0","1.0","1.0","1.0","1.0","1.0","1.0"
"Gophone messaging(29)","1.0","1.0","1.0","1.0","1.0","1.0","0.9994307841906654","1.0","1.0","0.9994307841906654","1.0","1.0","1.0"
"VR application(29)","1.0","1.0","1.0","1.0","1.0","1.0","0.9692454744829236","0.9692454744829236","1.0","0.997356410904288","0.997356410904288","1.0","1.0"
"Bikesharing(29)","1.0","1.0","1.0","1.0","1.0","1.0","0.9866711913426433","0.9738751292524925","1.0","0.9866711913426433","0.9866711913426433","1.0","1.0"
"Control biometrico(29)","1.0","1.0","1.0","1.0","1.0","1.0","0.91950747436124","0.91950747436124","1.0","1.0","1.0","1.0","1.0"
"Rhiscom Process Model(30)","1.0","1.0","1.0","1.0","1.0","1.0","1.0","1.0","1.0","1.0","1.0","1.0","1.0"
"Sastm(30)","1.0","1.0","1.0","1.0","1.0","1.0","1.0","1.0","1.0","1.0","1.0","1.0","1.0"
"SAP Business Suite(30)","1.0","1.0","1.0","1.0","1.0","1.0","1.0","1.0","1.0","1.0","1.0","1.0","1.0"
"PortafolioEddie(30)","1.0","1.0","1.0","1.0","1.0","1.0","1.0","1.0","1.0","1.0","1.0","1.0","1.0"
"Inmobiliaria Yerson(30)","1.0","1.0","1.0","1.0","1.0","1.0","1.0","1.0","1.0","1.0","1.0","1.0","1.0"
"Inmobiliarias(30)","1.0","1.0","1.0","1.0","1.0","1.0","0.9997300416257062","1.0","1.0","0.9997300416257062","1.0","1.0","1.0"
"UrnaJP(30)","1.0","1.0","1.0","1.0","1.0","1.0","1.0","1.0","1.0","1.0","1.0","1.0","1.0"
"Visit Indonesia(30)","1.0","1.0","1.0","1.0","1.0","1.0","1.0","1.0","1.0","1.0","1.0","1.0","1.0"
"Graph(30)","1.0","1.0","1.0","1.0","1.0","1.0","1.0","1.0","1.0","1.0","1.0","1.0","1.0"
"Reference Management Softwares Feature Model(31)","1.0","1.0","1.0","1.0","1.0","1.0","0.9978920661005014","0.9978920661005014","1.0","0.9978920661005014","0.9978920661005014","1.0","1.0"
"Reference Management Softwares Feature Model(31)","1.0","1.0","1.0","1.0","1.0","1.0","0.9955260387870463","1.0","1.0","0.9955260387870463","1.0","1.0","1.0"
"GreenHouse_Control_and_Monitoring(31)","1.0","1.0","1.0","1.0","1.0","1.0","1.0","1.0","1.0","1.0","1.0","1.0","1.0"
"tool analysis(31)","1.0","1.0","1.0","1.0","1.0","1.0","0.9358083319435977","0.9358083319435977","1.0","1.0","1.0","1.0","1.0"
"Automotive system(31)","1.0","1.0","1.0","1.0","1.0","1.0","1.0","0.9993650689830091","1.0","1.0","0.9993650689830091","1.0","1.0"
"DeReTiYo(31)","1.0","1.0","1.0","1.0","1.0","1.0","0.9955511942413583","0.9955511942413583","1.0","0.9955511942413583","0.9955511942413583","1.0","1.0"
"EventosGarcia(31)","1.0","1.0","1.0","1.0","1.0","1.0","0.9577496172480585","0.9517919219318945","1.0","1.0","1.0","1.0","1.0"
"Marketplace para PYMES(31)","1.0","1.0","1.0","1.0","1.0","1.0","1.0","1.0","1.0","1.0","1.0","1.0","1.0"
"Inmobiliaria(31)","1.0","1.0","1.0","1.0","1.0","1.0","1.0","1.0","1.0","1.0","1.0","1.0","1.0"
"Inmobiliaria(31)","1.0","1.0","1.0","1.0","1.0","1.0","1.0","1.0","1.0","1.0","1.0","1.0","1.0"
"BC WIN(31)","1.0","1.0","1.0","1.0","1.0","1.0","1.0","0.9486221469254236","1.0","1.0","1.0","1.0","1.0"
"MM-URNA(31)","1.0","1.0","1.0","1.0","1.0","1.0","1.0","1.0","1.0","1.0","1.0","1.0","1.0"
"KDDI(31)","1.0","1.0","1.0","1.0","1.0","1.0","1.0","1.0","1.0","1.0","1.0","1.0","1.0"
"Autiomoviles(31)","1.0","1.0","1.0","1.0","1.0","1.0","0.9480110884304397","1.0","1.0","0.9568779531752443","1.0","1.0","1.0"
"Composicao_LO(32)","1.0","1.0","1.0","1.0","1.0","1.0","1.0","1.0","1.0","1.0","1.0","1.0","1.0"
"ELEC5619 - End User Model(32)","1.0","1.0","1.0","1.0","1.0","1.0","1.0","1.0","1.0","1.0","1.0","1.0","1.0"
"RaaS(32)","1.0","1.0","1.0","1.0","1.0","1.0","1.0","1.0","1.0","1.0","1.0","1.0","1.0"
"SPL SimulES, PnP(32)","1.0","1.0","1.0","1.0","1.0","1.0","1.0","0.9886229781590212","1.0","1.0","1.0","1.0","1.0"
"TreeStemDeformationMeshingTool(32)","1.0","1.0","1.0","1.0","1.0","1.0","1.0","0.9557297393491567","1.0","1.0","1.0","1.0","1.0"
"Premium1Nemocon(32)","1.0","1.0","1.0","1.0","1.0","1.0","1.0","0.9929415974820319","1.0","1.0","0.9929415974820319","1.0","1.0"
"Devolution(32)","1.0","1.0","1.0","1.0","1.0","1.0","1.0","1.0","1.0","1.0","1.0","1.0","1.0"
"TAM Reservas(32)","1.0","1.0","1.0","1.0","1.0","1.0","0.8959625663868551","1.0","1.0","1.0","1.0","1.0","1.0"
"Epic slice machine(32)","1.0","1.0","1.0","1.0","1.0","1.0","0.9663728508258003","1.0","1.0","1.0","1.0","1.0","1.0"
"IVI Development VM(32)","1.0","1.0","1.0","1.0","1.0","1.0","1.0","1.0","1.0","1.0","1.0","1.0","1.0"
"Bike Computer Family(32)","1.0","1.0","1.0","1.0","1.0","1.0","1.0","1.0","1.0","1.0","1.0","1.0","1.0"
"SEPFeatureModel(33)","1.0","1.0","1.0","1.0","1.0","1.0","1.0","1.0","1.0","1.0","1.0","1.0","1.0"
"Physiological computing feature model(33)","1.0","1.0","1.0","1.0","1.0","1.0","0.9106442789936465","0.9106442789936465","1.0","1.0","1.0","1.0","1.0"
"Strategy Mobile Game(33)","1.0","1.0","1.0","1.0","1.0","1.0","0.9970251332273468","1.0","1.0","0.9970251332273468","1.0","1.0","1.0"
"Pricing(33)","1.0","1.0","1.0","1.0","1.0","1.0","1.0","0.9353434214508504","1.0","1.0","1.0","1.0","1.0"
"Robot Calibration(33)","1.0","1.0","1.0","1.0","1.0","1.0","0.9410027777829852","1.0","1.0","1.0","1.0","1.0","1.0"
"Inmobiliaria(33)","1.0","1.0","1.0","1.0","1.0","1.0","1.0","1.0","1.0","1.0","1.0","1.0","1.0"
"Inmobiliaria(33)","1.0","1.0","1.0","1.0","1.0","1.0","1.0","0.9936809975785849","1.0","1.0","0.9936809975785849","1.0","1.0"
"Inmobiliaria(33)","1.0","1.0","1.0","1.0","1.0","1.0","1.0","1.0","1.0","1.0","1.0","1.0","1.0"
"Inmobiliaria-201522309(33)","1.0","1.0","1.0","1.0","1.0","1.0","1.0","1.0","1.0","1.0","1.0","1.0","1.0"
"ADS(33)","1.0","1.0","1.0","1.0","1.0","1.0","1.0","1.0","1.0","1.0","1.0","1.0","1.0"
"SalesScenario(33)","1.0","1.0","1.0","1.0","1.0","1.0","1.0","0.9828970446192316","1.0","1.0","0.9828970446192316","1.0","1.0"
"urna_bf1022(33)","1.0","1.0","1.0","1.0","1.0","1.0","0.9270192171416604","0.8543518265814593","1.0","1.0","1.0","1.0","1.0"
"Jetbrains(33)","1.0","1.0","1.0","1.0","1.0","1.0","0.9182994735009713","0.9182994735009713","1.0","1.0","1.0","1.0","1.0"
"Bike Computer Feature Model(33)","1.0","1.0","1.0","1.0","1.0","1.0","1.0","1.0","1.0","1.0","1.0","1.0","1.0"
"SPL-Doctor Chat(34)","1.0","1.0","1.0","1.0","1.0","1.0","1.0","1.0","1.0","1.0","1.0","1.0","1.0"
"Agenda(34)","1.0","1.0","1.0","1.0","1.0","1.0","1.0","1.0","1.0","1.0","1.0","1.0","1.0"
"Applications(34)","1.0","1.0","1.0","1.0","1.0","1.0","1.0","1.0","1.0","1.0","1.0","1.0","1.0"
"Guitarra(34)","1.0","1.0","1.0","1.0","1.0","1.0","1.0","1.0","1.0","1.0","1.0","1.0","1.0"
"TPL(34)","1.0","1.0","1.0","1.0","1.0","1.0","0.9509596298480598","1.0","1.0","0.9509596298480598","1.0","1.0","1.0"
"vacaciones1Kelvin(34)","1.0","1.0","1.0","1.0","1.0","1.0","0.9736504735122035","0.9936774319854764","1.0","1.0","1.0","1.0","1.0"
"MyHolidays(34)","1.0","1.0","1.0","1.0","1.0","1.0","1.0","1.0","1.0","1.0","1.0","1.0","1.0"
"Limerick Bike Sharing System(34)","1.0","1.0","1.0","1.0","1.0","1.0","1.0","1.0","1.0","1.0","1.0","1.0","1.0"
"Assessment_Lina(34)","1.0","1.0","1.0","1.0","1.0","1.0","0.9766733801544879","0.8693763879493593","1.0","0.9796599686236832","0.8723629764185546","1.0","1.0"
"Quality Attributes ISO(34)","1.0","1.0","1.0","1.0","1.0","1.0","1.0","1.0","1.0","1.0","1.0","1.0","1.0"
"immortals(34)","1.0","1.0","1.0","1.0","1.0","1.0","1.0","1.0","1.0","1.0","1.0","1.0","1.0"
"Bike Configuration(34)","1.0","1.0","1.0","1.0","1.0","1.0","0.8445495886297465","1.0","1.0","1.0","1.0","1.0","1.0"
"Text To Speech App(34)","1.0","1.0","1.0","1.0","1.0","1.0","0.9586144330470556","0.9998680473146304","0.9998680473146304","0.9998680473146304","0.9998680473146304","0.9998680473146304","1.0"
"ELEC5619 - Tootawl's Model(35)","1.0","1.0","1.0","1.0","1.0","1.0","1.0","1.0","1.0","1.0","1.0","1.0","1.0"
"Experiment environment(35)","1.0","1.0","1.0","1.0","1.0","1.0","0.9543947615281898","0.9940617877746556","1.0","1.0","1.0","1.0","1.0"
"Smartphone-SPL(35)","1.0","1.0","1.0","1.0","1.0","1.0","0.9975456081950919","0.8557413359329297","1.0","0.9975456081950919","0.9301829336112648","1.0","1.0"
"PortafolioMoreno(35)","1.0","1.0","1.0","1.0","1.0","1.0","0.9751958486218656","0.9863799536114967","1.0","1.0","1.0","1.0","1.0"
"VOLKSWAGEN UP FM(35)","1.0","1.0","1.0","1.0","1.0","1.0","1.0","1.0","1.0","1.0","1.0","1.0","1.0"
"bCMSContext(35)","1.0","1.0","1.0","1.0","1.0","1.0","1.0","1.0","1.0","1.0","1.0","1.0","1.0"
"MarketplaceMiso(35)","1.0","1.0","1.0","1.0","1.0","1.0","1.0","1.0","1.0","1.0","1.0","1.0","1.0"
"Control Biometrico(35)","1.0","1.0","1.0","1.0","1.0","1.0","1.0","1.0","1.0","0.9663965452748033","1.0","1.0","1.0"
"Inmobiliaria(35)","1.0","1.0","1.0","1.0","1.0","1.0","0.9961376644787928","0.9961376644787928","1.0","0.9961376644787928","0.9961376644787928","1.0","1.0"
"TallerInmobiliaria(35)","1.0","1.0","1.0","1.0","1.0","1.0","1.0","0.9926961818731449","1.0","1.0","1.0","1.0","1.0"
"Bike Configuration(35)","1.0","1.0","1.0","1.0","1.0","1.0","1.0","0.9532833865169593","1.0","1.0","0.9532833865169593","1.0","1.0"
"AmazonEC2(35)","1.0","1.0","1.0","1.0","1.0","1.0","1.0","1.0","1.0","1.0","1.0","1.0","1.0"
"Rhiscom Process Model(36)","1.0","1.0","1.0","1.0","1.0","1.0","1.0","0.9165650206614543","1.0","1.0","0.9165650206614543","1.0","1.0"
"Video CMS(36)","1.0","1.0","1.0","1.0","1.0","1.0","1.0","0.9914212934866438","1.0","1.0","1.0","1.0","1.0"
"Video CMS(36)","1.0","1.0","1.0","1.0","1.0","1.0","1.0","1.0","1.0","1.0","1.0","1.0","1.0"
"VOLKSWAGEN UP FM(36)","1.0","1.0","1.0","1.0","1.0","1.0","0.9948569590311978","1.0","1.0","0.9948569590311978","1.0","1.0","1.0"
"Hamburguesa V2(36)","1.0","1.0","1.0","1.0","1.0","1.0","0.9899836728014271","0.9899836728014271","0.9899836728014271","0.9899836728014271","0.9899836728014271","1.0","1.0"
"Hamburguesa(36)","1.0","1.0","1.0","1.0","1.0","1.0","0.9745632457833152","1.0","1.0","0.9745632457833152","1.0","1.0","1.0"
"Tankwar(36)","1.0","1.0","1.0","1.0","1.0","1.0","0.9841619768675498","0.9958740462671986","1.0","0.9841619768675498","0.9958740462671986","1.0","1.0"
"Online-book-shopping(36)","1.0","1.0","1.0","1.0","1.0","1.0","1.0","0.6222421250068968","1.0","1.0","1.0","1.0","1.0"
"Random(36)","1.0","1.0","1.0","1.0","1.0","1.0","0.9373265642609844","0.9373265642609844","1.0","0.9373265642609844","0.9373265642609844","1.0","1.0"
"RS(36)","1.0","1.0","1.0","1.0","1.0","1.0","1.0","1.0","1.0","1.0","1.0","1.0","1.0"
"ImpuestoalConsumo_01(36)","1.0","1.0","1.0","1.0","1.0","1.0","1.0","1.0","1.0","1.0","1.0","1.0","1.0"
"Educational_Robotic(36)","1.0","1.0","1.0","1.0","1.0","1.0","0.9553596463601135","0.9798776964541351","1.0","0.9553596463601135","1.0","1.0","1.0"
"SPL for Eduational Robotil(36)","1.0","1.0","1.0","1.0","1.0","1.0","1.0","1.0","1.0","1.0","1.0","1.0","1.0"
"Inventory(37)","1.0","1.0","1.0","1.0","1.0","1.0","0.9663227654924728","0.9663227654924728","1.0","1.0","1.0","1.0","1.0"
"CD OD Semantic Variability(37)","1.0","1.0","1.0","1.0","1.0","1.0","1.0","1.0","1.0","1.0","1.0","1.0","1.0"
"Software Stack(37)","1.0","1.0","1.0","1.0","1.0","1.0","1.0","1.0","1.0","1.0","1.0","1.0","1.0"
"Software Stack(37)","1.0","1.0","1.0","1.0","1.0","1.0","0.9860619472834132","0.9847700058983273","1.0","0.9860619472834132","1.0","1.0","1.0"
"Jogo de Tiros(37)","1.0","1.0","1.0","1.0","1.0","1.0","1.0","0.9476433554510122","1.0","1.0","0.9476433554510122","1.0","1.0"
"B2B Website(37)","1.0","1.0","1.0","1.0","1.0","1.0","1.0","1.0","1.0","1.0","1.0","1.0","1.0"
"MLX(37)","1.0","1.0","1.0","1.0","1.0","1.0","1.0","1.0","1.0","1.0","1.0","1.0","1.0"
"bike(37)","1.0","1.0","1.0","1.0","1.0","1.0","0.9147317671901399","1.0","1.0","1.0","1.0","1.0","1.0"
"Inmobiliaria(37)","1.0","1.0","1.0","1.0","1.0","1.0","1.0","1.0","1.0","1.0","1.0","1.0","1.0"
"ProductosCreditoV2(37)","1.0","1.0","1.0","1.0","1.0","1.0","0.9290639916083263","0.8811367966730851","1.0","0.9290639916083263","0.9252323512698771","1.0","1.0"
"Jetbrains(37)","1.0","1.0","1.0","1.0","1.0","1.0","1.0","1.0","1.0","1.0","1.0","1.0","1.0"
"Sienna(38)","1.0","1.0","1.0","1.0","1.0","1.0","1.0","0.9720260136355195","1.0","1.0","0.9720260136355195","1.0","1.0"
"Smart Home v2(38)","1.0","1.0","1.0","1.0","1.0","1.0","1.0","0.953769186814308","1.0","1.0","1.0","1.0","1.0"
"tablets(38)","1.0","1.0","1.0","1.0","1.0","1.0","1.0","0.9785056785882216","1.0","1.0","1.0","1.0","1.0"
"Control biometrico(38)","1.0","1.0","1.0","1.0","1.0","1.0","1.0","1.0","1.0","1.0","1.0","1.0","1.0"
"ProductosCredito(38)","1.0","1.0","1.0","1.0","1.0","1.0","1.0","1.0","1.0","1.0","1.0","1.0","1.0"
"DS Monitor Feature(38)","1.0","1.0","1.0","1.0","1.0","1.0","1.0","1.0","1.0","1.0","1.0","1.0","1.0"
"Venta computadores(38)","1.0","1.0","1.0","1.0","1.0","1.0","0.9508206058798669","0.9104030117979268","1.0","0.9972520387167326","1.0","1.0","1.0"
"Inmobiliaria(39)","1.0","1.0","1.0","1.0","1.0","1.0","1.0","1.0","1.0","1.0","1.0","1.0","1.0"
"CasoInmobiliarioa_IvanGarcia_MarioLancheros(39)","1.0","1.0","1.0","1.0","1.0","1.0","1.0","1.0","1.0","1.0","1.0","1.0","1.0"
"Urna Eletrônica(39)","1.0","1.0","1.0","1.0","1.0","1.0","1.0","1.0","1.0","1.0","1.0","1.0","1.0"
"BikeShop(39)","1.0","1.0","1.0","1.0","1.0","1.0","0.8647206962081122","1.0","1.0","1.0","1.0","1.0","1.0"
"mac(39)","1.0","1.0","1.0","1.0","1.0","1.0","1.0","1.0","1.0","1.0","1.0","1.0","1.0"
"KernelLinuxFM(39)","1.0","1.0","1.0","1.0","1.0","1.0","1.0","1.0","1.0","1.0","1.0","1.0","1.0"
"Database Tool(40)","1.0","1.0","1.0","1.0","1.0","1.0","1.0","1.0","1.0","1.0","1.0","1.0","1.0"
"Meshing Tool Generator(40)","1.0","1.0","1.0","1.0","1.0","1.0","0.9947229619097474","0.9947229619097474","1.0","1.0","1.0","1.0","1.0"
"WebCollaboration(40)","1.0","1.0","1.0","1.0","1.0","1.0","0.9968791317142951","1.0","1.0","0.9968791317142951","1.0","1.0","1.0"
"WebCollaborativeApplication(40)","1.0","1.0","1.0","1.0","1.0","1.0","1.0","1.0","1.0","1.0","1.0","1.0","1.0"
"Assess4me(40)","1.0","1.0","1.0","1.0","1.0","1.0","1.0","1.0","1.0","1.0","1.0","1.0","1.0"
"VacacionesCabrera(40)","1.0","1.0","1.0","1.0","1.0","1.0","0.9997614438508682","0.9349791034028725","1.0","1.0","1.0","1.0","1.0"
"WISE(40)","1.0","1.0","1.0","1.0","1.0","1.0","1.0","1.0","1.0","1.0","1.0","1.0","1.0"
"Feature Model for T-mall(40)","1.0","1.0","1.0","1.0","1.0","1.0","1.0","1.0","1.0","1.0","1.0","1.0","1.0"
"ebay(40)","1.0","1.0","1.0","1.0","1.0","1.0","0.8846401700495433","0.8897714744174603","1.0","0.8897714744174603","0.8897714744174603","1.0","1.0"
"VMTools-RA(40)","1.0","1.0","1.0","1.0","1.0","1.0","0.9867366305590333","0.9867366305590333","1.0","0.9867366305590333","0.9867366305590333","1.0","1.0"
"Bike Computer(40)","1.0","1.0","1.0","1.0","1.0","1.0","1.0","1.0","1.0","1.0","1.0","1.0","1.0"
"VMS(40)","1.0","1.0","1.0","1.0","1.0","1.0","1.0","1.0","1.0","1.0","1.0","1.0","1.0"
"ebay(40)","1.0","1.0","1.0","1.0","1.0","1.0","0.9673187988566149","1.0","1.0","0.9673187988566149","1.0","1.0","1.0"
"Consolas de Videojuegos(41)","1.0","1.0","1.0","1.0","1.0","1.0","0.9884371073910521","0.9755731392153905","1.0","1.0","1.0","1.0","1.0"
"DS Sample(41)","1.0","1.0","1.0","1.0","1.0","1.0","0.9959018530766031","1.0","1.0","1.0","1.0","1.0","1.0"
"Poliza(41)","1.0","1.0","1.0","1.0","1.0","1.0","1.0","1.0","1.0","1.0","1.0","1.0","1.0"
"Facturación Servicios Publicos(41)","1.0","1.0","1.0","1.0","1.0","1.0","0.9638121561972843","0.9586113425193644","1.0","1.0","1.0","1.0","1.0"
"Facturación Servicios Publicos(41)","1.0","1.0","1.0","1.0","1.0","1.0","1.0","1.0","1.0","1.0","1.0","1.0","1.0"
"LightFollower(41)","1.0","1.0","1.0","1.0","1.0","1.0","0.9122446944616175","0.9558693908024465","1.0","1.0","1.0","1.0","1.0"
"Linux(41)","1.0","1.0","1.0","1.0","1.0","1.0","1.0","1.0","1.0","1.0","1.0","1.0","1.0"
"Bike(41)","1.0","1.0","1.0","1.0","1.0","1.0","0.9670378362058261","0.9670378362058261","1.0","1.0","1.0","1.0","1.0"
"Security(41)","1.0","1.0","1.0","1.0","1.0","1.0","0.9268484189107064","0.8656658355883364","1.0","1.0","0.9926232935360498","1.0","1.0"
"FM ERP-SPL(42)","1.0","1.0","1.0","1.0","1.0","1.0","1.0","1.0","1.0","1.0","1.0","1.0","1.0"
"Notebook Shop(42)","1.0","1.0","1.0","1.0","1.0","1.0","0.9469008594088465","1.0","1.0","1.0","1.0","1.0","1.0"
"DBdesign(42)","1.0","1.0","1.0","1.0","1.0","1.0","0.9753958787062215","0.9753958787062215","1.0","0.9753958787062215","0.9753958787062215","1.0","1.0"
"Obstacle identification(42)","1.0","1.0","1.0","1.0","1.0","1.0","0.9617042900656196","1.0","1.0","0.964832304719414","1.0","1.0","1.0"
"Smart UMKM(42)","1.0","1.0","1.0","1.0","1.0","1.0","1.0","1.0","1.0","1.0","1.0","1.0","1.0"
"Letovanje(43)","1.0","1.0","1.0","1.0","1.0","1.0","0.9510430738423169","0.9472393056121683","1.0","1.0","1.0","1.0","1.0"
"Mobile Media 2(43)","1.0","1.0","1.0","1.0","1.0","1.0","1.0","1.0","1.0","1.0","1.0","1.0","1.0"
"Tree Stem Deformation Simulator(43)","1.0","1.0","1.0","1.0","1.0","1.0","0.9922081776249133","0.9761382695352033","1.0","0.9922081776249133","1.0","1.0","1.0"
"Adempiere(43)","1.0","1.0","1.0","1.0","1.0","1.0","1.0","1.0","1.0","1.0","1.0","1.0","1.0"
"juliana(43)","1.0","1.0","1.0","1.0","1.0","1.0","1.0","1.0","1.0","1.0","1.0","1.0","1.0"
"SPLOT Tutorial(43)","1.0","1.0","1.0","1.0","1.0","1.0","0.9632660311732427","1.0","1.0","1.0","1.0","1.0","1.0"
"Marketplace(43)","1.0","1.0","1.0","1.0","1.0","1.0","1.0","1.0","1.0","1.0","1.0","1.0","1.0"
"Swap MArketplace(43)","1.0","1.0","1.0","1.0","1.0","1.0","1.0","1.0","1.0","1.0","1.0","1.0","1.0"
"Emergency Response Application(43)","1.0","1.0","1.0","1.0","1.0","1.0","0.9486044476029571","0.9486044476029571","1.0","1.0","1.0","1.0","1.0"
"DSPLFamily(43)","1.0","1.0","1.0","1.0","1.0","1.0","1.0","0.9659694285668912","1.0","1.0","1.0","1.0","1.0"
"Web_Portal(43)","1.0","1.0","1.0","1.0","1.0","1.0","0.9629788545595213","0.9629788545595213","1.0","0.9629788545595213","0.9629788545595213","1.0","1.0"
"TrafficLight(44)","1.0","1.0","1.0","1.0","1.0","1.0","0.9880850543410251","0.9808729189020216","1.0","1.0","1.0","1.0","1.0"
"E-commerce(44)","1.0","1.0","1.0","1.0","1.0","1.0","1.0","1.0","1.0","1.0","1.0","1.0","1.0"
"Wireless sensor actuator network(44)","1.0","1.0","1.0","1.0","1.0","1.0","0.9980687546603927","1.0","1.0","1.0","1.0","1.0","1.0"
"urnas-thiago-marques-viana(44)","1.0","1.0","1.0","1.0","1.0","1.0","0.9490985970811647","0.9490985970811647","1.0","1.0","1.0","1.0","1.0"
"Documentation_Generation(44)","1.0","1.0","1.0","1.0","1.0","1.0","1.0","1.0","1.0","1.0","1.0","1.0","1.0"
"Thread(44)","1.0","1.0","1.0","1.0","1.0","1.0","1.0","1.0","1.0","1.0","1.0","1.0","1.0"
"AndroidSPL(45)","1.0","1.0","1.0","1.0","1.0","1.0","1.0","1.0","1.0","1.0","1.0","1.0","1.0"
"Sistem Informasi Rumah Sakit MIK(45)","1.0","1.0","1.0","1.0","1.0","1.0","0.9603845607400612","0.9892513154985005","1.0","0.9972660801390826","0.996126307056863","1.0","1.0"
"Java EE 6 - Camilo Fierro(45)","1.0","1.0","1.0","1.0","1.0","1.0","0.9127404974463572","0.9039974797445235","1.0","1.0","1.0","1.0","1.0"
"Computadores(45)","1.0","1.0","1.0","1.0","1.0","1.0","0.9283110638878103","0.9212682358815191","1.0","1.0","1.0","1.0","1.0"
"Webshop(46)","1.0","1.0","1.0","1.0","1.0","1.0","1.0","1.0","1.0","1.0","1.0","1.0","1.0"
"GerenciaLojaVirtual(46)","1.0","1.0","1.0","1.0","1.0","1.0","1.0","0.9935536266382871","1.0","1.0","1.0","1.0","1.0"
"Smart UMKM 2(46)","1.0","1.0","1.0","1.0","1.0","1.0","1.0","1.0","1.0","1.0","1.0","1.0","1.0"
"DELL Laptop/Notebook Computers(47)","1.0","1.0","1.0","1.0","1.0","1.0","1.0","0.5399095102812916","0.9329976006223237","1.0","0.6060407606550291","1.0","1.0"
"Seguros(47)","1.0","1.0","1.0","1.0","1.0","1.0","0.9301004578324658","0.9301004578324658","1.0","1.0","0.9601338189628599","1.0","1.0"
"Programación Salas Cirugía(47)","1.0","1.0","1.0","1.0","1.0","1.0","0.9989419184329111","0.9660831081770617","1.0","1.0","1.0","1.0","1.0"
"Market Place(47)","1.0","1.0","1.0","1.0","1.0","1.0","1.0","1.0","1.0","1.0","1.0","1.0","1.0"
"Taxonomy of User Needs for Software Visualisation(47)","1.0","1.0","1.0","1.0","1.0","1.0","0.9887003791614808","0.9887003791614808","0.9986864052015588","0.9986864052015588","0.9986864052015588","1.0","1.0"
"Heidelberg Ion-Beam Therapy Center(47)","1.0","1.0","1.0","1.0","1.0","1.0","1.0","1.0","1.0","1.0","1.0","1.0","1.0"
"SSC(47)","1.0","1.0","1.0","1.0","1.0","1.0","0.9640057080605751","0.9533694408080639","1.0","1.0","1.0","1.0","1.0"
"VentaComputadores(47)","1.0","1.0","1.0","1.0","1.0","1.0","1.0","0.9920144083168997","1.0","1.0","1.0","1.0","1.0"
"Arbol de variabilidad de computadores(47)","1.0","1.0","1.0","1.0","1.0","1.0","1.0","1.0","1.0","1.0","1.0","1.0","1.0"
"URNA_CPR(47)","1.0","1.0","1.0","1.0","1.0","1.0","1.0","1.0","1.0","1.0","1.0","1.0","1.0"
"VentaPC(47)","1.0","1.0","1.0","1.0","1.0","1.0","1.0","1.0","1.0","1.0","1.0","1.0","1.0"
"Taller1_Computadores(47)","1.0","1.0","1.0","1.0","1.0","1.0","1.0","1.0","1.0","1.0","1.0","1.0","1.0"
"Computador-Miso_201701(47)","1.0","1.0","1.0","1.0","1.0","1.0","1.0","1.0","1.0","1.0","1.0","1.0","1.0"
"punto_2(47)","1.0","1.0","1.0","1.0","1.0","1.0","1.0","1.0","1.0","1.0","1.0","1.0","1.0"
"Smart Home-z(48)","1.0","1.0","1.0","1.0","1.0","1.0","1.0","1.0","1.0","1.0","1.0","1.0","1.0"
"Toko(48)","1.0","1.0","1.0","1.0","1.0","1.0","1.0","1.0","1.0","1.0","1.0","1.0","1.0"
"PGE-FeatureModel_V1(48)","1.0","1.0","1.0","1.0","1.0","1.0","0.9742790859693685","1.0","1.0","1.0","1.0","1.0","1.0"
"TallerVarComputador(48)","1.0","1.0","1.0","1.0","1.0","1.0","1.0","1.0","1.0","1.0","1.0","1.0","1.0"
"Computadores(48)","1.0","1.0","1.0","1.0","1.0","1.0","0.9792989805483138","0.9792989805483138","1.0","0.9828424049635569","0.9995905078615822","1.0","1.0"
"Taller 1 Cristian y Jorge(48)","1.0","1.0","1.0","1.0","1.0","1.0","0.9498565127994576","1.0","0.9801059977760338","0.9801059977760338","1.0","0.9801059977760338","1.0"
"PC(48)","1.0","1.0","1.0","1.0","1.0","1.0","1.0","0.9255428893112334","1.0","1.0","1.0","1.0","1.0"
"FabricasTaller1Punto2(48)","1.0","1.0","1.0","1.0","1.0","1.0","0.9570190052372456","0.9570190052372456","1.0","0.9570190052372456","0.9570190052372456","1.0","1.0"
"ComputerDiagram(48)","1.0","1.0","1.0","1.0","1.0","1.0","0.9425016568827578","0.9563956290520325","1.0","0.9840222460978002","0.9840222460978002","1.0","1.0"
"Computadores(48)","1.0","1.0","1.0","1.0","1.0","1.0","0.9996594044111002","0.9996594044111002","1.0","1.0","1.0","1.0","1.0"
"Venta Computadores(48)","1.0","1.0","1.0","1.0","1.0","1.0","1.0","1.0","1.0","1.0","1.0","1.0","1.0"
"Computador(Uniandes)(48)","1.0","1.0","1.0","1.0","1.0","1.0","0.9313234768986961","0.8742717354279305","1.0","1.0","0.9313234768986961","1.0","1.0"
"Computadores(48)","1.0","1.0","1.0","1.0","1.0","1.0","1.0","1.0","1.0","1.0","1.0","1.0","1.0"
"Computadores(48)","1.0","1.0","1.0","1.0","1.0","1.0","1.0","1.0","1.0","1.0","1.0","1.0","1.0"
"OPEN ERP(49)","1.0","1.0","1.0","1.0","1.0","1.0","1.0","1.0","1.0","1.0","1.0","1.0","1.0"
"NOVASOFT(49)","1.0","1.0","1.0","1.0","1.0","1.0","1.0","1.0","1.0","1.0","1.0","1.0","1.0"
"Programación Salas Cirugía(49)","1.0","1.0","1.0","1.0","1.0","1.0","0.9508509089877188","0.9623728266144473","0.9989514412177767","0.9571604507280044","1.0","1.0","1.0"
"Toko(49)","1.0","1.0","1.0","1.0","1.0","1.0","0.9922506104631145","0.964437281879454","1.0","1.0","1.0","1.0","1.0"
"Computadores(49)","1.0","1.0","1.0","1.0","1.0","1.0","1.0","1.0","1.0","1.0","1.0","1.0","1.0"
"computers(49)","1.0","1.0","1.0","1.0","1.0","1.0","0.9928773686788539","0.8745858402505837","1.0","1.0","0.9584026600903306","1.0","1.0"
"ArbolComputador(49)","1.0","1.0","1.0","1.0","1.0","1.0","1.0","1.0","1.0","1.0","1.0","1.0","1.0"
"CompuCorp(49)","1.0","1.0","1.0","1.0","1.0","1.0","1.0","1.0","1.0","1.0","1.0","1.0","1.0"
"German_Computadores(49)","1.0","1.0","1.0","1.0","1.0","1.0","0.9290923732519041","0.9834656153643585","1.0","1.0","1.0","1.0","1.0"
"EngAGe(50)","1.0","1.0","1.0","1.0","1.0","1.0","1.0","1.0","1.0","1.0","1.0","1.0","1.0"
"Modelo Computadores (Elizabeth M - Andres E)(50)","1.0","1.0","1.0","1.0","1.0","1.0","0.9614886602005788","0.9686417203330803","1.0","1.0","1.0","1.0","1.0"
"Venta de computadores(50)","1.0","1.0","1.0","1.0","1.0","1.0","1.0","0.9790630201028772","1.0","1.0","1.0","1.0","1.0"
"|Loja Virtual(50)","1.0","1.0","1.0","1.0","1.0","1.0","1.0","1.0","1.0","1.0","1.0","1.0","1.0"
"ExtendedFM-IMPEX(50)","1.0","1.0","1.0","1.0","1.0","1.0","1.0","0.9777105478670689","1.0","1.0","1.0","1.0","1.0"
"IosAccessibiliteFrench(50)","1.0","1.0","1.0","1.0","1.0","1.0","0.9764673793684165","0.9764673793684165","1.0","1.0","1.0","1.0","1.0"
"Computador(50)","1.0","1.0","1.0","1.0","1.0","1.0","1.0","1.0","1.0","1.0","1.0","1.0","1.0"
"Belman, Julian(50)","1.0","1.0","1.0","1.0","1.0","1.0","1.0","1.0","1.0","1.0","1.0","1.0","1.0"
"Video Player(51)","1.0","1.0","1.0","1.0","1.0","1.0","0.9961097159105861","1.0","1.0","1.0","1.0","1.0","1.0"
"Mobile Guide(51)","1.0","1.0","1.0","1.0","1.0","1.0","0.9583656126931568","0.9436000782052751","1.0","0.9927088263160985","0.9927088263160985","1.0","1.0"
"Ornaments Design(51)","1.0","1.0","1.0","1.0","1.0","1.0","0.8379433125374917","0.8379433125374917","1.0","0.8379433125374917","0.8379433125374917","1.0","1.0"
"MartketPlaceMISO-20140824(51)","1.0","1.0","1.0","1.0","1.0","1.0","1.0","1.0","1.0","1.0","1.0","1.0","1.0"
"BioFM(51)","1.0","1.0","1.0","1.0","1.0","1.0","1.0","1.0","1.0","1.0","1.0","1.0","1.0"
"Nomads feature model(51)","1.0","1.0","1.0","1.0","1.0","1.0","0.9388799873387426","0.9450720458478973","1.0","1.0","1.0","1.0","1.0"
"Linea de Experimentos(52)","1.0","1.0","1.0","1.0","1.0","1.0","1.0","1.0","1.0","1.0","1.0","1.0","1.0"
"Electronic Drum(52)","1.0","1.0","1.0","1.0","1.0","1.0","0.9979345350588227","1.0","1.0","0.9979345350588227","1.0","1.0","1.0"
"Stampidia(52)","1.0","1.0","1.0","1.0","1.0","1.0","0.9892928684545129","0.9892928684545129","1.0","1.0","1.0","1.0","1.0"
"SPL SimulES, PnP(53)","1.0","1.0","1.0","1.0","1.0","1.0","0.9860276988278901","1.0","1.0","1.0","1.0","1.0","1.0"
"E-commerce system(53)","1.0","1.0","1.0","1.0","1.0","1.0","1.0","1.0","1.0","1.0","1.0","1.0","1.0"
"Tienda Virtual(53)","1.0","1.0","1.0","1.0","1.0","1.0","1.0","1.0","1.0","1.0","1.0","1.0","1.0"
"MayaVariabilityModel(54)","1.0","1.0","1.0","1.0","1.0","1.0","0.9982419665468585","0.9655999062056344","1.0","1.0","1.0","1.0","1.0"
"sistema salud macro(54)","1.0","1.0","1.0","1.0","1.0","1.0","1.0","1.0","1.0","1.0","1.0","1.0","1.0"
"foda olshop(54)","1.0","1.0","1.0","1.0","1.0","1.0","1.0","1.0","1.0","1.0","1.0","1.0","1.0"
"Urna Bruno Luan(54)","1.0","1.0","1.0","1.0","1.0","1.0","0.9555722446423132","0.9555722446423132","1.0","1.0","1.0","1.0","1.0"
"SD-Model(54)","1.0","1.0","1.0","1.0","1.0","1.0","1.0","1.0","1.0","1.0","1.0","1.0","1.0"
"Thermonator(54)","1.0","1.0","1.0","1.0","1.0","1.0","1.0","1.0","1.0","1.0","1.0","1.0","1.0"
"Hotel Product Line(55)","1.0","1.0","1.0","1.0","1.0","1.0","0.9588927809264145","0.9588927809264145","1.0","1.0","1.0","1.0","1.0"
"e-banking-IN0980(55)","1.0","1.0","1.0","1.0","1.0","1.0","0.98465569055647","0.9624632165477023","1.0","1.0","1.0","1.0","1.0"
"PFTest1(56)","1.0","1.0","1.0","1.0","1.0","1.0","0.48852249578803053","0.9937708704698619","1.0","0.48852249578803053","1.0","1.0","1.0"
"Facturación Servicios Publicos(56)","1.0","1.0","1.0","1.0","1.0","1.0","0.9687102999236908","0.9687102999236908","1.0","1.0","0.9990576884954036","1.0","1.0"
"Toko(56)","1.0","1.0","1.0","1.0","1.0","1.0","1.0","1.0","1.0","1.0","1.0","1.0","1.0"
"e-commerce(56)","1.0","1.0","1.0","1.0","1.0","1.0","0.9923030024918165","0.9943784298163657","1.0","1.0","1.0","1.0","1.0"
"Berkley DB(56)","1.0","1.0","1.0","1.0","1.0","1.0","1.0","1.0","1.0","1.0","1.0","1.0","1.0"
"Feature Model SiBRAM(56)","1.0","1.0","1.0","1.0","1.0","1.0","0.9641398587511854","1.0","1.0","1.0","1.0","1.0","1.0"
"Plone Meeting(57)","1.0","1.0","1.0","1.0","1.0","1.0","1.0","1.0","1.0","1.0","1.0","1.0","1.0"
"Ventas POS(57)","1.0","1.0","1.0","1.0","1.0","1.0","0.9985227112378079","0.9933622878484979","1.0","1.0","1.0","1.0","1.0"
"MayaModel(57)","1.0","1.0","1.0","1.0","1.0","1.0","0.9879052027344993","0.9774989003504757","1.0","1.0","1.0","1.0","1.0"
"FM ERP-SPL(57)","1.0","1.0","1.0","1.0","1.0","1.0","1.0","0.9955503426304333","1.0","1.0","1.0","1.0","1.0"
"BuurtPensioen(57)","1.0","1.0","1.0","1.0","1.0","1.0","0.9951735979314951","0.9972980197553607","1.0","1.0","1.0","1.0","1.0"
"st(57)","1.0","1.0","1.0","1.0","1.0","1.0","1.0","1.0","1.0","1.0","1.0","1.0","1.0"
"Portafolio2Fierro(58)","1.0","1.0","1.0","1.0","1.0","1.0","1.0","1.0","1.0","1.0","1.0","1.0","1.0"
"MISO4204_2014-2_Marketplace(58)","1.0","1.0","1.0","1.0","1.0","1.0","1.0","1.0","1.0","1.0","1.0","1.0","1.0"
"SPL SimulES, PnP(59)","1.0","1.0","1.0","1.0","1.0","1.0","1.0","1.0","1.0","1.0","1.0","1.0","1.0"
"SmartHome_vConejero(59)","1.0","1.0","1.0","1.0","1.0","1.0","1.0","1.0","1.0","1.0","1.0","1.0","1.0"
"Smart Home v2.2(60)","1.0","1.0","1.0","1.0","1.0","1.0","1.0","1.0","1.0","1.0","1.0","1.0","1.0"
"Marketplace notebooks(60)","1.0","1.0","1.0","1.0","1.0","1.0","0.9980076957293924","0.9980076957293924","1.0","1.0","1.0","1.0","1.0"
"Arcade Game PL Feature Model(61)","1.0","1.0","1.0","1.0","1.0","1.0","0.9379136715878712","0.9699149151940916","0.9746701975027606","0.9917124850889383","0.9762346395684566","1.0","1.0"
"E-science application(61)","1.0","1.0","1.0","1.0","1.0","1.0","0.9995478640914972","0.9631787660180562","1.0","1.0","1.0","1.0","1.0"
"E-science application(61)","1.0","1.0","1.0","1.0","1.0","1.0","0.9976510878970661","0.9976510878970661","1.0","1.0","1.0","1.0","1.0"
"bCMS(61)","1.0","1.0","1.0","1.0","1.0","1.0","1.0","1.0","1.0","1.0","1.0","1.0","1.0"
"Equipo 6 - Uniandes - MP(62)","1.0","1.0","1.0","1.0","1.0","1.0","0.9987402026691252","1.0","1.0","0.9987402026691252","1.0","1.0","1.0"
"Discipline_Requirements(62)","1.0","1.0","1.0","1.0","1.0","1.0","0.9849840864235693","0.9818799481496654","1.0","1.0","1.0","1.0","1.0"
"OW2-FraSCAti-1.4(63)","1.0","1.0","1.0","1.0","1.0","1.0","1.0","1.0","1.0","1.0","1.0","1.0","1.0"
"FraSCati(63)","1.0","1.0","1.0","1.0","1.0","1.0","0.9937811380028678","0.9937811380028678","1.0","0.9937811380028678","0.9937811380028678","1.0","1.0"
"Toko(63)","1.0","1.0","1.0","1.0","1.0","1.0","1.0","0.9763536698546501","1.0","1.0","1.0","1.0","1.0"
"Marketplace_DFEA(63)","1.0","1.0","1.0","1.0","1.0","1.0","1.0","1.0","1.0","1.0","1.0","1.0","1.0"
"USECASE_Test(64)","1.0","1.0","1.0","1.0","1.0","1.0","1.0","1.0","1.0","1.0","1.0","1.0","1.0"
"ClassicShell(65)","1.0","1.0","1.0","1.0","1.0","1.0","0.968191973144119","0.988554554356743","1.0","0.9959890956076286","1.0","1.0","1.0"
"Economie moderne locale(65)","1.0","1.0","1.0","1.0","1.0","1.0","1.0","1.0","1.0","1.0","1.0","1.0","1.0"
"bCMS system(66)","1.0","1.0","1.0","1.0","1.0","1.0","1.0","1.0","1.0","1.0","1.0","1.0","1.0"
"Linea Producto MarketPlace(66)","1.0","1.0","1.0","1.0","1.0","1.0","1.0","1.0","1.0","1.0","1.0","1.0","1.0"
"AEB2(66)","1.0","1.0","1.0","1.0","1.0","1.0","0.841285870722373","0.9325122237544249","0.9417544312210471","0.841285870722373","0.948519738364463","1.0","1.0"
"AEB(66)","1.0","1.0","1.0","1.0","1.0","1.0","1.0","1.0","1.0","1.0","1.0","1.0","1.0"
"HIS(67)","1.0","1.0","1.0","1.0","1.0","1.0","1.0","1.0","1.0","1.0","1.0","1.0","1.0"
"windows7(68)","1.0","1.0","1.0","1.0","1.0","1.0","0.9997753453033817","0.9997753453033817","1.0","1.0","1.0","1.0","1.0"
"Nákladný automobil(69)","1.0","1.0","1.0","1.0","1.0","1.0","0.9306713597987771","0.9202082567311505","0.9862298611082103","1.0","0.9255276041336983","1.0","1.0"
"DATABASE_TOOLS(70)","1.0","1.0","1.0","1.0","1.0","1.0","0.9983285332173162","0.9983285332173162","1.0","1.0","1.0","1.0","1.0"
"Video Player(71)","1.0","1.0","1.0","1.0","1.0","1.0","1.0","1.0","1.0","1.0","1.0","1.0","1.0"
"Reuso - UFRJ - Eclipse1(72)","1.0","1.0","1.0","1.0","1.0","1.0","1.0","1.0","1.0","1.0","1.0","1.0","1.0"
"Car Selection(72)","1.0","1.0","1.0","1.0","1.0","1.0","0.954225251211251","0.9312140972993956","1.0","1.0","1.0","1.0","1.0"
"Toko(72)","1.0","1.0","1.0","1.0","1.0","1.0","0.9992815623539487","0.9992815623539487","1.0","0.9992815623539487","0.9992815623539487","1.0","1.0"
"Toko(72)","1.0","1.0","1.0","1.0","1.0","1.0","1.0","1.0","1.0","1.0","1.0","1.0","1.0"
"Quality Attributes Functionalities(72)","1.0","1.0","1.0","1.0","1.0","1.0","0.9856056265606352","0.9772803761036974","0.9991015470311649","1.0","0.9991015470311649","1.0","1.0"
"urna_eletronica(73)","1.0","1.0","1.0","1.0","1.0","1.0","1.0","1.0","1.0","1.0","1.0","1.0","1.0"
"Speech Recognition(75)","1.0","1.0","1.0","1.0","1.0","1.0","1.0","1.0","1.0","1.0","1.0","1.0","1.0"
"PhotoSahring(76)","1.0","1.0","1.0","1.0","1.0","1.0","0.9052301184967402","0.9840525578922507","1.0","1.0","1.0","1.0","1.0"
"J2EE web architecture(77)","1.0","1.0","1.0","1.0","1.0","1.0","1.0","1.0","1.0","1.0","1.0","1.0","1.0"
"windows8(77)","1.0","1.0","1.0","1.0","1.0","1.0","0.9890768055843814","0.9882178464563552","1.0","1.0","1.0","1.0","1.0"
"GoPhone(77)","1.0","1.0","1.0","1.0","1.0","1.0","1.0","1.0","1.0","1.0","1.0","1.0","1.0"
"windows(77)","1.0","1.0","1.0","1.0","1.0","1.0","0.9642826526437516","0.9642826526437516","1.0","1.0","1.0","1.0","1.0"
"FISH(80)","1.0","1.0","1.0","1.0","1.0","1.0","0.9838187016929169","0.9955439755872163","0.9990989088399389","0.9838187016929169","0.9955439755872163","1.0","1.0"
"Webmail(81)","1.0","1.0","1.0","1.0","1.0","1.0","0.9998156272095173","0.9998156272095173","1.0","1.0","1.0","1.0","1.0"
"FrameWorkProdemge(87)","1.0","1.0","1.0","1.0","1.0","1.0","1.0","1.0","1.0","1.0","1.0","1.0","1.0"
"Billing(88)","1.0","1.0","1.0","1.0","1.0","1.0","1.0","1.0","1.0","1.0","1.0","1.0","1.0"
"ModelTransformation(88)","1.0","1.0","1.0","1.0","1.0","1.0","0.9727482746776956","0.9551530195725881","1.0","1.0","1.0","1.0","1.0"
"Model_Transformation(88)","1.0","1.0","1.0","1.0","1.0","1.0","0.8364164896244093","0.8364164896244093","1.0","1.0","1.0","1.0","1.0"
